Marker,Chr,Pos
SCRI_RS_136200,,
SCRI_RS_156845,,
SCRI_RS_133377,,
SCRI_RS_190048,,
BOPA2_12_31497,,
SCRI_RS_141771,,
SCRI_RS_209516,,
BOPA2_12_31284,,
SCRI_RS_185319,,
SCRI_RS_198643,,
BK_12,,
BK_14,,
BK_15,,
BK_16,,
BOPA2_12_30871,,
BOPA2_12_30872,,
SCRI_RS_170337,,
SCRI_RS_155612,,
BOPA1_7032_201,,
SCRI_RS_120182,,
BOPA2_12_30657,,
SCRI_RS_154981,,
SCRI_RS_194318,,
SCRI_RS_201800,,
SCRI_RS_158928,,
BOPA1_6384_866,,
SCRI_RS_224846,,
BOPA1_946_2500,,
SCRI_RS_144592,,
SCRI_RS_170235,,
SCRI_RS_240011,,
SCRI_RS_185710,,
BOPA1_4136_869,,
BOPA1_6911_866,,
BOPA1_2284_1738,,
BOPA1_4434_804,,
SCRI_RS_153531,,
SCRI_RS_167713,,
BOPA1_7187_382,,
BOPA1_7660_476,,
BOPA2_12_10719,,
BOPA2_12_31383,,
SCRI_RS_110043,,
BOPA1_4037_916,,
SCRI_RS_9469,,
SCRI_RS_133539,,
SCRI_RS_200291,,
BOPA2_12_30897,,
SCRI_RS_196853,,
SCRI_RS_88704,,
BOPA1_8632_1809,,
SCRI_RS_119261,,
SCRI_RS_155456,,
SCRI_RS_157236,,
SCRI_RS_176114,,
SCRI_RS_182039,,
SCRI_RS_211894,,
SCRI_RS_237481,,
BOPA1_11591_265,,
SCRI_RS_129223,,
SCRI_RS_135112,,
SCRI_RS_144778,,
SCRI_RS_222876,,
BOPA1_111_499,,
BOPA1_3180_1771,,
BOPA1_871_462,,
BOPA1_2464_1228,,
BOPA2_12_30690,,
SCRI_RS_139840,,
SCRI_RS_209551,,
SCRI_RS_142314,,
SCRI_RS_198883,,
SCRI_RS_106163,,
SCRI_RS_161490,,
BOPA2_12_10487,,
BOPA2_12_10950,,
SCRI_RS_172784,,
SCRI_RS_204274,,
SCRI_RS_234587,,
SCRI_RS_44952,,
SCRI_RS_152664,,
SCRI_RS_156013,,
SCRI_RS_174077,,
SCRI_RS_194653,,
SCRI_RS_116590,,
SCRI_RS_172136,,
SCRI_RS_73620,,
SCRI_RS_170209,,
SCRI_RS_139106,,
SCRI_RS_139115,,
SCRI_RS_142982,,
SCRI_RS_139737,,
