SNP,Chr,Pos,P.value,MAF,nobs,Effect,H&B.P.Value
SCRI_RS_136200,2,2.3,0.545036786928906,0.308333333333333,120,0.131783195467537,0.789394266900799
SCRI_RS_156845,2,4,0.483261326726425,0.274166666666667,120,0.171513646889779,0.789394266900799
SCRI_RS_133377,2,6.3,0.605903819549056,0.270833333333333,120,0.113384000596698,0.789394266900799
SCRI_RS_190048,2,6.3,0.605903819549056,0.270833333333333,120,0.113384000596698,0.789394266900799
BOPA2_12_31497,2,8.6,0.490848597741407,0.233333333333333,120,0.172428686114545,0.789394266900799
SCRI_RS_141771,2,8.6,0.490848597741407,0.233333333333333,120,0.172428686114545,0.789394266900799
SCRI_RS_209516,2,10.4,0.316532013471485,0.225,120,0.289651464529475,0.647096226428529
BOPA2_12_31284,2,15.4,0.260030071900658,0.25,120,-0.569665580517975,0.569589681306204
SCRI_RS_185319,2,15.4,0.323548113214264,0.245833333333333,120,-0.510045822455566,0.647096226428529
SCRI_RS_198643,2,15.4,0.323548113214264,0.245833333333333,120,-0.510045822455566,0.647096226428529
BK_12,2,23,0.650092176475682,0.246666666666667,120,-0.369433429559234,0.789394266900799
BK_14,2,23,0.650092176475682,0.246666666666667,120,-0.369433429559234,0.789394266900799
BK_15,2,23,0.860067884093024,0.23,120,-0.173894142099082,0.941375092792671
BK_16,2,23,0.507390553544548,0.25,120,-0.430609945818464,0.789394266900799
BOPA2_12_30871,2,23,0.650092176475682,0.246666666666667,120,-0.369433429559234,0.789394266900799
BOPA2_12_30872,2,23,0.691128042578371,0.245833333333333,120,-0.351522252086941,0.825763375548183
SCRI_RS_170337,2,23,1.22784544985768e-07,0.233333333333333,120,-0.589781307554232,6.15524387500285e-06
SCRI_RS_155612,2,24.8,1.33809649456584e-07,0.225,120,-1.61617619306638,6.15524387500285e-06
BOPA1_7032_201,2,26.8,0.801732939470957,0.241666666666667,120,0.28765148562765,0.888667836522025
SCRI_RS_120182,2,33.9,0.77315668456757,0.241666666666667,120,0.235186265245377,0.86744408512459
BOPA2_12_30657,2,39.7,0.11638829778885,0.133333333333333,120,-0.505256548256792,0.369231841261178
SCRI_RS_154981,2,41.2,0.151110375700744,0.121666666666667,120,-0.471446270782048,0.434442330139639
SCRI_RS_194318,2,44.4,0.0058225248090439,0.161666666666667,120,-0.82831617590297,0.128483491034722
SCRI_RS_201800,2,48.4,0.0363104593498197,0.155,120,-0.633718891583313,0.182822242749842
SCRI_RS_158928,2,50.5,0.0242128380339584,0.170833333333333,120,-0.653863959403693,0.144459208383823
BOPA1_6384_866,2,52.2,0.0537313898698666,0.1525,120,-0.576127401684256,0.214925559479466
SCRI_RS_224846,2,52.2,0.0526610215116402,0.154166666666667,120,-0.577069343996297,0.214925559479466
BOPA1_946_2500,2,54.2,0.0922764589108901,0.154166666666667,120,-0.493006336973666,0.314423489622292
SCRI_RS_144592,2,54.2,0.0922764589108901,0.154166666666667,120,-0.493006336973666,0.314423489622292
SCRI_RS_170235,2,56.2,0.18934226768416,0.141666666666667,120,-0.380795998936308,0.491144895599672
SCRI_RS_240011,2,56.2,0.129085400450068,0.145833333333333,120,-0.447812779762719,0.395861894713542
SCRI_RS_185710,2,58.1,0.0791571583865525,0.15,120,-0.51881317378583,0.303435773815118
BOPA1_4136_869,2,60.7,0.317967769783385,0.129166666666667,120,-0.3418560063186,0.647096226428529
BOPA1_6911_866,2,60.7,0.159870857533039,0.145833333333333,120,-0.40409503906401,0.44570057251635
BOPA1_2284_1738,2,62.7,0.20286419600856,0.145833333333333,120,-0.420661422122077,0.491144895599672
BOPA1_4434_804,2,62.7,0.0984622572776953,0.154166666666667,120,-0.536697896533868,0.323518845340999
SCRI_RS_153531,2,62.7,0.225628306062166,0.129166666666667,120,-0.424620145897124,0.511163572628141
SCRI_RS_167713,2,62.7,0.20286419600856,0.145833333333333,120,-0.420661422122077,0.491144895599672
BOPA1_7187_382,2,64.9,0.753041405584862,0.116666666666667,120,-0.0963924116822314,0.855306287824782
BOPA1_7660_476,2,64.9,0.753041405584862,0.116666666666667,120,-0.0963924116822314,0.855306287824782
BOPA2_12_10719,2,64.9,0.753041405584862,0.116666666666667,120,-0.0963924116822314,0.855306287824782
BOPA2_12_31383,2,64.9,0.505313257281954,0.116666666666667,120,-0.231834342420572,0.789394266900799
SCRI_RS_110043,2,64.9,0.753041405584862,0.116666666666667,120,-0.0963924116822314,0.855306287824782
BOPA1_4037_916,2,66.3,0.536406931950995,0.1625,120,-0.231329140448207,0.789394266900799
SCRI_RS_9469,2,68.1,0.505313257281954,0.116666666666667,120,-0.231834342420572,0.789394266900799
SCRI_RS_133539,2,74.2,0.951591408615833,0.105833333333333,120,0.00787558872316267,0.951591408615833
SCRI_RS_200291,2,76.1,0.92286961957582,0.108333333333333,120,0.0741563975210997,0.941375092792671
BOPA2_12_30897,2,80,0.920935728111909,0.1125,120,0.0743346568164103,0.941375092792671
SCRI_RS_196853,2,80,0.920935728111909,0.1125,120,0.0743346568164103,0.941375092792671
SCRI_RS_88704,2,80,0.920935728111909,0.1125,120,0.0743346568164103,0.941375092792671
BOPA1_8632_1809,2,82.5,0.624197136349924,0.104166666666667,120,-0.17372451127405,0.789394266900799
SCRI_RS_119261,2,82.5,0.387210240158817,0.0966666666666666,120,-0.338893044328249,0.757943448821513
SCRI_RS_155456,2,82.5,0.624197136349924,0.104166666666667,120,-0.17372451127405,0.789394266900799
SCRI_RS_157236,2,82.5,0.624197136349924,0.104166666666667,120,-0.17372451127405,0.789394266900799
SCRI_RS_176114,2,82.5,0.624197136349924,0.104166666666667,120,-0.17372451127405,0.789394266900799
SCRI_RS_182039,2,82.5,0.624197136349924,0.104166666666667,120,-0.17372451127405,0.789394266900799
SCRI_RS_211894,2,82.5,0.652108307439791,0.105,120,-0.157169836848445,0.789394266900799
SCRI_RS_237481,2,82.5,0.624197136349924,0.104166666666667,120,-0.17372451127405,0.789394266900799
BOPA1_11591_265,2,88.5,0.595167840410078,0.0875,120,0.16822115377665,0.789394266900799
SCRI_RS_129223,2,88.5,0.595167840410078,0.0875,120,0.16822115377665,0.789394266900799
SCRI_RS_135112,2,88.5,0.595167840410078,0.0875,120,0.16822115377665,0.789394266900799
SCRI_RS_144778,2,88.5,0.595167840410078,0.0875,120,0.16822115377665,0.789394266900799
SCRI_RS_222876,2,88.5,0.595167840410078,0.0875,120,0.16822115377665,0.789394266900799
BOPA1_111_499,2,106.4,0.931142754827533,0.2125,120,0.00891468170929125,0.941375092792671
BOPA1_3180_1771,2,106.4,0.931142754827533,0.2125,120,0.00891468170929125,0.941375092792671
BOPA1_871_462,2,106.4,0.924459074110708,0.205833333333333,120,-0.0498379402955678,0.941375092792671
BOPA1_2464_1228,2,119.8,0.227801157366889,0.368333333333333,120,-0.353047646023951,0.511163572628141
BOPA2_12_30690,2,119.8,0.201887609444135,0.3625,120,-0.368927963448293,0.491144895599672
SCRI_RS_139840,2,119.8,0.201887609444135,0.3625,120,-0.368927963448293,0.491144895599672
SCRI_RS_209551,2,120.7,0.227040201295906,0.370833333333333,120,-0.344671703873174,0.511163572628141
SCRI_RS_142314,2,123.5,0.0880105310717837,0.4,120,-0.458921978921747,0.314423489622292
SCRI_RS_198883,2,123.5,0.140766901179314,0.385,120,-0.396892823861961,0.417759835757965
SCRI_RS_106163,2,129.7,0.0181552759070803,0.433333333333333,120,-0.629381460984521,0.128483491034722
SCRI_RS_161490,2,132.6,0.0227908988685759,0.420833333333333,120,-0.615781517764173,0.144459208383823
BOPA2_12_10487,2,135.6,0.0127209135595662,0.4125,120,-0.555937642469563,0.128483491034722
BOPA2_12_10950,2,135.6,0.0127209135595662,0.4125,120,-0.555937642469563,0.128483491034722
SCRI_RS_172784,2,135.6,0.0127209135595662,0.4125,120,-0.555937642469563,0.128483491034722
SCRI_RS_204274,2,135.6,0.025123340588491,0.41,120,-0.497059157497864,0.144459208383823
SCRI_RS_234587,2,135.6,0.0127209135595662,0.4125,120,-0.555937642469563,0.128483491034722
SCRI_RS_44952,2,135.6,0.012207174834841,0.404166666666667,120,-0.562108268867302,0.128483491034722
SCRI_RS_152664,2,138.6,0.0166216149806086,0.420833333333333,120,-0.532353987908715,0.128483491034722
SCRI_RS_156013,2,138.6,0.0166216149806086,0.420833333333333,120,-0.532353987908715,0.128483491034722
SCRI_RS_174077,2,138.6,0.0166216149806086,0.420833333333333,120,-0.532353987908715,0.128483491034722
SCRI_RS_194653,2,138.6,0.0176711081334674,0.42,120,-0.527077986028006,0.128483491034722
SCRI_RS_116590,2,140.8,0.0397439658151831,0.3375,120,-0.464465911887789,0.182822242749842
SCRI_RS_172136,2,142.6,0.0385544089368247,0.325,120,-0.475044729299693,0.182822242749842
SCRI_RS_73620,2,142.6,0.0385544089368247,0.325,120,-0.475044729299693,0.182822242749842
SCRI_RS_170209,2,144.4,0.0517066236289061,0.2875,120,-0.458406398273616,0.214925559479466
SCRI_RS_139106,2,146.4,0.489697737274204,0.333333333333333,120,-0.122860786595081,0.789394266900799
SCRI_RS_139115,2,146.4,0.489697737274204,0.333333333333333,120,-0.122860786595081,0.789394266900799
SCRI_RS_142982,2,146.4,0.489697737274204,0.333333333333333,120,-0.122860786595081,0.789394266900799
SCRI_RS_139737,2,148.2,0.563309136581614,0.308333333333333,120,-0.0974064619308738,0.789394266900799
