SNP,Chromosome,Position,DF,t Value,std Error,effect
SCRI_RS_136200,2,2.3,118,3.37194608875569,NA,0.00484389760651532
SCRI_RS_156845,2,4,118,3.80023177779643,NA,0.00176480715404748
SCRI_RS_133377,2,6.3,118,4.03808134687428,NA,0.00100855521805676
SCRI_RS_190048,2,6.3,118,4.03808134687428,NA,0.00100855521805676
BOPA2_12_31497,2,8.6,118,3.58415990632983,NA,0.00302242055824391
SCRI_RS_141771,2,8.6,118,3.58415990632983,NA,0.00302242055824391
SCRI_RS_209516,2,10.4,118,3.51666870454237,NA,0.00357145785359059
BOPA2_12_31284,2,15.4,118,4.01209418282893,NA,0.00100855521805676
SCRI_RS_185319,2,15.4,118,3.99402754381734,NA,0.00100855521805676
SCRI_RS_198643,2,15.4,118,3.99402754381734,NA,0.00100855521805676
BK_12,2,23,118,3.98471248465721,NA,0.00100855521805676
BK_14,2,23,118,3.98471248465721,NA,0.00100855521805676
BK_15,2,23,118,4.07982804289782,NA,0.00100855521805676
BK_16,2,23,118,3.99505648891714,NA,0.00100855521805676
BOPA2_12_30871,2,23,118,3.98471248465721,NA,0.00100855521805676
BOPA2_12_30872,2,23,118,3.9774195378836,NA,0.00100855521805676
SCRI_RS_170337,2,23,118,3.37863310471173,NA,0.00484389760651532
SCRI_RS_155612,2,24.8,118,3.43540375234384,NA,0.00442373252475033
BOPA1_7032_201,2,26.8,118,3.7311766004437,NA,0.00208457029375673
SCRI_RS_120182,2,33.9,118,3.35926172088582,NA,0.00484389760651532
BOPA2_12_30657,2,39.7,118,1.90914037065061,NA,0.174124619922898
SCRI_RS_154981,2,41.2,118,1.91524494643718,NA,0.174124619922898
SCRI_RS_194318,2,44.4,118,0.38918595608665,NA,0.892105231369545
SCRI_RS_201800,2,48.4,118,1.35881412102694,NA,0.329608516163119
SCRI_RS_158928,2,50.5,118,1.14123843241766,NA,0.423834981066319
BOPA1_6384_866,2,52.2,118,1.81747750327007,NA,0.196575839059359
SCRI_RS_224846,2,52.2,118,1.81123935337211,NA,0.196575839059359
BOPA1_946_2500,2,54.2,118,1.5854761240516,NA,0.253075587789748
SCRI_RS_144592,2,54.2,118,1.5854761240516,NA,0.253075587789748
SCRI_RS_170235,2,56.2,118,1.84685825549182,NA,0.193410038921658
SCRI_RS_240011,2,56.2,118,2.01700777132998,NA,0.169149334758021
SCRI_RS_185710,2,58.1,118,2.49703438300028,NA,0.0609073880655659
BOPA1_4136_869,2,60.7,118,2.24795918654696,NA,0.102445439485446
BOPA1_6911_866,2,60.7,118,2.2435843576512,NA,0.102445439485446
BOPA1_2284_1738,2,62.7,118,1.45031428381522,NA,0.286779005863416
BOPA1_4434_804,2,62.7,118,1.35145462534417,NA,0.329608516163119
SCRI_RS_153531,2,62.7,118,2.36186926953478,NA,0.082886309963862
SCRI_RS_167713,2,62.7,118,1.45031428381522,NA,0.286779005863416
BOPA1_7187_382,2,64.9,118,1.94554826519285,NA,0.171587107209485
BOPA1_7660_476,2,64.9,118,1.94554826519285,NA,0.171587107209485
BOPA2_12_10719,2,64.9,118,1.94554826519285,NA,0.171587107209485
BOPA2_12_31383,2,64.9,118,1.70640534092381,NA,0.219258100601304
SCRI_RS_110043,2,64.9,118,1.94554826519285,NA,0.171587107209485
BOPA1_4037_916,2,66.3,118,1.13665279103114,NA,0.423834981066319
SCRI_RS_9469,2,68.1,118,1.70640534092381,NA,0.219258100601304
SCRI_RS_133539,2,74.2,118,1.73990449296377,NA,0.215901169636053
SCRI_RS_200291,2,76.1,118,1.7522491642018,NA,0.215901169636053
BOPA2_12_30897,2,80,118,0.381332669195668,NA,0.892105231369545
SCRI_RS_196853,2,80,118,0.381332669195668,NA,0.892105231369545
SCRI_RS_88704,2,80,118,0.381332669195668,NA,0.892105231369545
BOPA1_8632_1809,2,82.5,118,0.0726337303631788,NA,0.960086963352081
SCRI_RS_119261,2,82.5,118,-0.0191002935443822,NA,0.984793356341791
SCRI_RS_155456,2,82.5,118,0.0726337303631788,NA,0.960086963352081
SCRI_RS_157236,2,82.5,118,0.0726337303631788,NA,0.960086963352081
SCRI_RS_176114,2,82.5,118,0.0726337303631788,NA,0.960086963352081
SCRI_RS_182039,2,82.5,118,0.0726337303631788,NA,0.960086963352081
SCRI_RS_211894,2,82.5,118,0.113026952071546,NA,0.960086963352081
SCRI_RS_237481,2,82.5,118,0.0726337303631788,NA,0.960086963352081
BOPA1_11591_265,2,88.5,118,0.433224448456828,NA,0.892105231369545
SCRI_RS_129223,2,88.5,118,0.433224448456828,NA,0.892105231369545
SCRI_RS_135112,2,88.5,118,0.433224448456828,NA,0.892105231369545
SCRI_RS_144778,2,88.5,118,0.433224448456828,NA,0.892105231369545
SCRI_RS_222876,2,88.5,118,0.433224448456828,NA,0.892105231369545
BOPA1_111_499,2,106.4,118,1.1779944054213,NA,0.410880680885292
BOPA1_3180_1771,2,106.4,118,1.1779944054213,NA,0.410880680885292
BOPA1_871_462,2,106.4,118,0.96965522393599,NA,0.539413296542763
BOPA1_2464_1228,2,119.8,118,-0.351056690503004,NA,0.902808207438213
BOPA2_12_30690,2,119.8,118,-0.182292987591852,NA,0.960086963352081
SCRI_RS_139840,2,119.8,118,-0.182292987591852,NA,0.960086963352081
SCRI_RS_209551,2,120.7,118,-0.146974117167265,NA,0.960086963352081
SCRI_RS_142314,2,123.5,118,0.13459126772421,NA,0.960086963352081
SCRI_RS_198883,2,123.5,118,-0.063279213620179,NA,0.960086963352081
SCRI_RS_106163,2,129.7,118,-0.4935182344165,NA,0.892105231369545
SCRI_RS_161490,2,132.6,118,-0.186139321688433,NA,0.960086963352081
BOPA2_12_10487,2,135.6,118,-0.46147762300459,NA,0.892105231369545
BOPA2_12_10950,2,135.6,118,-0.46147762300459,NA,0.892105231369545
SCRI_RS_172784,2,135.6,118,-0.46147762300459,NA,0.892105231369545
SCRI_RS_204274,2,135.6,118,-0.37563038296949,NA,0.892105231369545
SCRI_RS_234587,2,135.6,118,-0.46147762300459,NA,0.892105231369545
SCRI_RS_44952,2,135.6,118,-0.572819197999631,NA,0.892105231369545
SCRI_RS_152664,2,138.6,118,-0.234630081935647,NA,0.960086963352081
SCRI_RS_156013,2,138.6,118,-0.234630081935647,NA,0.960086963352081
SCRI_RS_174077,2,138.6,118,-0.234630081935647,NA,0.960086963352081
SCRI_RS_194653,2,138.6,118,-0.243621456914948,NA,0.960086963352081
SCRI_RS_116590,2,140.8,118,-1.59040756759559,NA,0.253075587789748
SCRI_RS_172136,2,142.6,118,-1.31979359080614,NA,0.3351961735876
SCRI_RS_73620,2,142.6,118,-1.31979359080614,NA,0.3351961735876
SCRI_RS_170209,2,144.4,118,-1.65971930608686,NA,0.235015947150909
SCRI_RS_139106,2,146.4,118,-1.45902821031172,NA,0.286779005863416
SCRI_RS_139115,2,146.4,118,-1.45902821031172,NA,0.286779005863416
SCRI_RS_142982,2,146.4,118,-1.45902821031172,NA,0.286779005863416
SCRI_RS_139737,2,148.2,118,-1.50415455876366,NA,0.286779005863416
