SNP,Chr,Pos,P.value,MAF,effect,nobs,H&B.P.Value
SCRI_RS_136200,2,2.3,0.241059690159451,0.308333333333333,-0.788278055429341,120,0.531373459388476
SCRI_RS_156845,2,4,0.366862856947152,0.274166666666667,-0.683262300876892,120,0.638436010348842
SCRI_RS_133377,2,6.3,0.313188897480679,0.270833333333333,-0.767062237653535,120,0.564968207220048
SCRI_RS_190048,2,6.3,0.313188897480679,0.270833333333333,-0.767062237653535,120,0.564968207220048
BOPA2_12_31497,2,8.6,0.265686729694238,0.233333333333333,-0.968293609859409,120,0.531373459388476
SCRI_RS_141771,2,8.6,0.265686729694238,0.233333333333333,-0.968293609859409,120,0.531373459388476
SCRI_RS_209516,2,10.4,0.569006210568559,0.225,-0.526267618524699,120,0.843366048750656
BOPA2_12_31284,2,15.4,0.00721258624508812,0.25,-4.23287671232922,120,0.165889483637027
SCRI_RS_185319,2,15.4,0.00325801516119611,0.245833333333333,-4.79024581718334,120,0.0999124649433474
SCRI_RS_198643,2,15.4,0.00325801516119611,0.245833333333333,-4.79024581718334,120,0.0999124649433474
BK_12,2,23,0.762929421788573,0.246666666666667,-2.18994581577293,120,0.888474769678861
BK_14,2,23,0.762929421788573,0.246666666666667,-2.18994581577293,120,0.888474769678861
BK_15,2,23,0.687046970184328,0.23,1.06408417025275,120,0.872168008993963
BK_16,2,23,6.00036946017187e-10,0.25,4.20238095238097,120,5.52033990335812e-08
BOPA2_12_30871,2,23,0.762929421788573,0.246666666666667,-2.18994581577293,120,0.888474769678861
BOPA2_12_30872,2,23,0.762929421789457,0.245833333333333,-1.75195665261757,120,0.888474769678861
SCRI_RS_170337,2,23,0.410093551049681,0.233333333333333,1.1821933962263,120,0.639578367078913
SCRI_RS_155612,2,24.8,0.300276560281372,0.225,1.3687570409313,120,0.563784562160942
BOPA1_7032_201,2,26.8,0.492953059744312,0.241666666666667,0.74623073013706,120,0.755861358274613
SCRI_RS_120182,2,33.9,0.761158714760962,0.241666666666667,-0.244891339604368,120,0.888474769678861
BOPA2_12_30657,2,39.7,0.679901712583671,0.133333333333333,0.354488429708392,120,0.872168008993963
SCRI_RS_154981,2,41.2,0.586987491598087,0.121666666666667,0.488629478718241,120,0.84379451917225
SCRI_RS_194318,2,44.4,0.106434178785191,0.161666666666667,1.19006915113028,120,0.462394790598114
SCRI_RS_201800,2,48.4,0.367794658135746,0.155,0.689673706735786,120,0.638436010348842
SCRI_RS_158928,2,50.5,0.288791511996062,0.170833333333333,0.771066763906392,120,0.55801508190635
BOPA1_6384_866,2,52.2,0.621421235646603,0.1525,0.377098910417916,120,0.866223540598296
SCRI_RS_224846,2,52.2,0.792459353288309,0.154166666666667,0.200291596438801,120,0.911328256281555
BOPA1_946_2500,2,54.2,0.908000916931454,0.154166666666667,-0.0879595654735502,120,0.955995057235172
SCRI_RS_144592,2,54.2,0.908000916931454,0.154166666666667,-0.0879595654735502,120,0.955995057235172
SCRI_RS_170235,2,56.2,0.577146397006481,0.141666666666667,-0.43844610775795,120,0.843366048750656
SCRI_RS_240011,2,56.2,0.691954464245136,0.145833333333333,-0.309087946113364,120,0.872168008993963
SCRI_RS_185710,2,58.1,0.748565358816299,0.15,0.244755244755243,120,0.888474769678861
BOPA1_4136_869,2,60.7,0.886933473659853,0.129166666666667,-0.115041870569114,120,0.955995057235172
BOPA1_6911_866,2,60.7,0.899971491913576,0.145833333333333,0.0963665915167548,120,0.955995057235172
BOPA1_2284_1738,2,62.7,0.993664454584455,0.145833333333333,-0.00620070709829516,120,0.993664454584455
BOPA1_4434_804,2,62.7,0.972155263763919,0.154166666666667,0.0265745690680292,120,0.993664454584455
SCRI_RS_153531,2,62.7,0.409909634296141,0.129166666666667,-0.679092599117889,120,0.639578367078913
SCRI_RS_167713,2,62.7,0.993664454584455,0.145833333333333,-0.00620070709829516,120,0.993664454584455
BOPA1_7187_382,2,64.9,0.410164387583216,0.116666666666667,-0.707866356523639,120,0.639578367078913
BOPA1_7660_476,2,64.9,0.410164387583216,0.116666666666667,-0.707866356523639,120,0.639578367078913
BOPA2_12_10719,2,64.9,0.410164387583216,0.116666666666667,-0.707866356523639,120,0.639578367078913
BOPA2_12_31383,2,64.9,0.681941415773473,0.116666666666667,-0.35261154578141,120,0.872168008993963
SCRI_RS_110043,2,64.9,0.410164387583216,0.116666666666667,-0.707866356523639,120,0.639578367078913
BOPA1_4037_916,2,66.3,0.577522402948819,0.1625,-0.453367415770344,120,0.843366048750656
SCRI_RS_9469,2,68.1,0.681941415773473,0.116666666666667,-0.35261154578141,120,0.872168008993963
SCRI_RS_133539,2,74.2,0.232385272946559,0.105833333333333,1.08684082680175,120,0.531373459388476
SCRI_RS_200291,2,76.1,0.250637013106402,0.108333333333333,1.04165437488933,120,0.531373459388476
BOPA2_12_30897,2,80,0.255543475276733,0.1125,1.02204699299884,120,0.531373459388476
SCRI_RS_196853,2,80,0.255543475276733,0.1125,1.02204699299884,120,0.531373459388476
SCRI_RS_88704,2,80,0.255543475276733,0.1125,1.02204699299884,120,0.531373459388476
BOPA1_8632_1809,2,82.5,0.172638558648259,0.104166666666667,1.26921579316247,120,0.467139629283524
SCRI_RS_119261,2,82.5,0.163142903508718,0.0966666666666666,1.32014009965845,120,0.467139629283524
SCRI_RS_155456,2,82.5,0.172638558648259,0.104166666666667,1.26921579316247,120,0.467139629283524
SCRI_RS_157236,2,82.5,0.172638558648259,0.104166666666667,1.26921579316247,120,0.467139629283524
SCRI_RS_176114,2,82.5,0.172638558648259,0.104166666666667,1.26921579316247,120,0.467139629283524
SCRI_RS_182039,2,82.5,0.172638558648259,0.104166666666667,1.26921579316247,120,0.467139629283524
SCRI_RS_211894,2,82.5,0.179912356172451,0.105,1.24847610001266,120,0.47291247908187
SCRI_RS_237481,2,82.5,0.172638558648259,0.104166666666667,1.26921579316247,120,0.467139629283524
BOPA1_11591_265,2,88.5,0.924821305368807,0.0875,-0.0984446903944345,120,0.955995057235172
SCRI_RS_129223,2,88.5,0.924821305368807,0.0875,-0.0984446903944345,120,0.955995057235172
SCRI_RS_135112,2,88.5,0.924821305368807,0.0875,-0.0984446903944345,120,0.955995057235172
SCRI_RS_144778,2,88.5,0.924821305368807,0.0875,-0.0984446903944345,120,0.955995057235172
SCRI_RS_222876,2,88.5,0.924821305368807,0.0875,-0.0984446903944345,120,0.955995057235172
BOPA1_111_499,2,106.4,0.692046354962601,0.2125,0.278896451615729,120,0.872168008993963
BOPA1_3180_1771,2,106.4,0.692046354962601,0.2125,0.278896451615729,120,0.872168008993963
BOPA1_871_462,2,106.4,0.597929000533869,0.205833333333333,0.381390747010234,120,0.846299508447937
BOPA1_2464_1228,2,119.8,0.0360013107881158,0.368333333333333,1.23100355746318,120,0.34702884275837
BOPA2_12_30690,2,119.8,0.0281270106138015,0.3625,1.27700866865049,120,0.34702884275837
SCRI_RS_139840,2,119.8,0.0281270106138015,0.3625,1.27700866865049,120,0.34702884275837
SCRI_RS_209551,2,120.7,0.0502507425436849,0.370833333333333,1.12494835978712,120,0.34702884275837
SCRI_RS_142314,2,123.5,0.0279938563250296,0.4,1.22925405799745,120,0.34702884275837
SCRI_RS_198883,2,123.5,0.0391259217800828,0.385,1.1347334646213,120,0.34702884275837
SCRI_RS_106163,2,129.7,0.0935932740352683,0.433333333333333,0.928394296342187,120,0.462394790598114
SCRI_RS_161490,2,132.6,0.130676788647293,0.420833333333333,0.845892981080126,120,0.462394790598114
BOPA2_12_10487,2,135.6,0.0996011909463287,0.4125,0.918523758990687,120,0.462394790598114
BOPA2_12_10950,2,135.6,0.0996011909463287,0.4125,0.918523758990687,120,0.462394790598114
SCRI_RS_172784,2,135.6,0.0996011909463287,0.4125,0.918523758990687,120,0.462394790598114
SCRI_RS_204274,2,135.6,0.15123060070863,0.41,0.805560494830647,120,0.467139629283524
SCRI_RS_234587,2,135.6,0.0996011909463287,0.4125,0.918523758990687,120,0.462394790598114
SCRI_RS_44952,2,135.6,0.120217762448668,0.404166666666667,0.871342012934385,120,0.462394790598114
SCRI_RS_152664,2,138.6,0.126123020473165,0.420833333333333,0.85459076054247,120,0.462394790598114
SCRI_RS_156013,2,138.6,0.126123020473165,0.420833333333333,0.85459076054247,120,0.462394790598114
SCRI_RS_174077,2,138.6,0.126123020473165,0.420833333333333,0.85459076054247,120,0.462394790598114
SCRI_RS_194653,2,138.6,0.12852345075553,0.42,0.849493581524026,120,0.462394790598114
SCRI_RS_116590,2,140.8,0.0308779246921833,0.3375,1.22130245076049,120,0.34702884275837
SCRI_RS_172136,2,142.6,0.0474249319854045,0.325,1.14126644380851,120,0.34702884275837
SCRI_RS_73620,2,142.6,0.0474249319854045,0.325,1.14126644380851,120,0.34702884275837
SCRI_RS_170209,2,144.4,0.0528087369414911,0.2875,1.15530290809842,120,0.34702884275837
SCRI_RS_139106,2,146.4,0.254041727207333,0.333333333333333,0.655450236966793,120,0.531373459388476
SCRI_RS_139115,2,146.4,0.254041727207333,0.333333333333333,0.655450236966793,120,0.531373459388476
SCRI_RS_142982,2,146.4,0.254041727207333,0.333333333333333,0.655450236966793,120,0.531373459388476
SCRI_RS_139737,2,148.2,0.291138303603313,0.308333333333333,0.62656293414836,120,0.55801508190635
