Taxa,BLUE.N,BLUE.I,QTNs,Group,RefInf,ID,BLUP,PEV,gBreedingValue,Prediction
HEB_01_001,3.15596330275229,0,0,1,1,1,0,0,0,3.15596330275229
HEB_01_003,3.15596330275229,0,0,2,1,2,0,0,0,3.15596330275229
HEB_01_004,3.15596330275229,0,0,3,1,3,0,0,0,3.15596330275229
HEB_01_005,3.15596330275229,0,0,4,1,4,0,0,0,3.15596330275229
HEB_01_013,3.15596330275229,0,0,5,1,5,0,0,0,3.15596330275229
HEB_01_021,3.15596330275229,0,0,6,1,6,0,0,0,3.15596330275229
HEB_01_022,3.15596330275229,0,0,7,1,7,0,0,0,3.15596330275229
HEB_01_023,3.15596330275229,0,0,8,1,8,0,0,0,3.15596330275229
HEB_01_025,3.15596330275229,0,0,9,1,9,0,0,0,3.15596330275229
HEB_01_030,3.15596330275229,0,0,10,1,10,0,0,0,3.15596330275229
HEB_01_031,3.15596330275229,0,0,11,1,11,0,0,0,3.15596330275229
HEB_01_032,3.15596330275229,0,0,12,1,12,0,0,0,3.15596330275229
HEB_01_033,3.15596330275229,0,0,13,1,13,0,0,0,3.15596330275229
HEB_01_038,3.15596330275229,0,0,14,1,14,0,0,0,3.15596330275229
HEB_01_041,3.15596330275229,0,0,15,1,15,0,0,0,3.15596330275229
HEB_01_042,3.15596330275229,0,0,16,1,16,0,0,0,3.15596330275229
HEB_01_047,3.15596330275229,0,0,17,1,17,0,0,0,3.15596330275229
HEB_01_050,3.15596330275229,0,0,18,1,18,0,0,0,3.15596330275229
HEB_01_053,3.15596330275229,0,0,19,1,19,0,0,0,3.15596330275229
HEB_01_055,3.15596330275229,0,0,20,1,20,0,0,0,3.15596330275229
HEB_01_057,3.15596330275229,0,0,21,1,21,0,0,0,3.15596330275229
HEB_01_071,3.15596330275229,0,0,22,1,22,0,0,0,3.15596330275229
HEB_01_072,3.15596330275229,0,0,23,1,23,0,0,0,3.15596330275229
HEB_01_074,3.15596330275229,0,0,24,1,24,0,0,0,3.15596330275229
HEB_01_075,3.15596330275229,0,0,25,1,25,0,0,0,3.15596330275229
HEB_01_077,3.15596330275229,0,0,26,1,26,0,0,0,3.15596330275229
HEB_01_079,3.15596330275229,0,0,27,1,27,0,0,0,3.15596330275229
HEB_01_080,3.15596330275229,0,0,28,1,28,0,0,0,3.15596330275229
HEB_01_082,3.15596330275229,0,0,29,1,29,0,0,0,3.15596330275229
HEB_01_085,3.15596330275229,0,0,30,1,30,0,0,0,3.15596330275229
HEB_01_086,3.15596330275229,0,0,31,1,31,0,0,0,3.15596330275229
HEB_01_087,3.15596330275229,0,0,32,1,32,0,0,0,3.15596330275229
HEB_01_090,3.15596330275229,0,0,33,1,33,0,0,0,3.15596330275229
HEB_01_091,3.15596330275229,0,0,34,1,34,0,0,0,3.15596330275229
HEB_01_092,3.15596330275229,0,0,35,1,35,0,0,0,3.15596330275229
HEB_01_093,3.15596330275229,0,0,36,1,36,0,0,0,3.15596330275229
HEB_01_096,3.15596330275229,0,0,37,1,37,0,0,0,3.15596330275229
HEB_01_097,3.15596330275229,0,0,38,1,38,0,0,0,3.15596330275229
HEB_01_099,3.15596330275229,0,0,39,1,39,0,0,0,3.15596330275229
HEB_01_101,3.15596330275229,0,0,40,1,40,0,0,0,3.15596330275229
HEB_01_103,3.15596330275229,0,0,41,1,41,0,0,0,3.15596330275229
HEB_01_104,3.15596330275229,0,0,42,1,42,0,0,0,3.15596330275229
HEB_01_106,3.15596330275229,0,0,43,1,43,0,0,0,3.15596330275229
HEB_01_109,3.15596330275229,0,0,44,1,44,0,0,0,3.15596330275229
HEB_01_112,3.15596330275229,0,0,45,1,45,0,0,0,3.15596330275229
HEB_01_121,3.15596330275229,0,0,46,1,46,0,0,0,3.15596330275229
HEB_01_122,3.15596330275229,0,0,47,1,47,0,0,0,3.15596330275229
HEB_01_123,3.15596330275229,0,0,48,1,48,0,0,0,3.15596330275229
HEB_01_124,3.15596330275229,0,0,49,1,49,0,0,0,3.15596330275229
HEB_01_126,3.15596330275229,0,0,50,1,50,0,0,0,3.15596330275229
HEB_01_127,3.15596330275229,0,0,51,1,51,0,0,0,3.15596330275229
HEB_01_128,3.15596330275229,0,0,52,1,52,0,0,0,3.15596330275229
HEB_01_130,3.15596330275229,0,0,53,1,53,0,0,0,3.15596330275229
HEB_01_131,3.15596330275229,0,0,54,1,54,0,0,0,3.15596330275229
HEB_01_132,3.15596330275229,0,0,55,1,55,0,0,0,3.15596330275229
HEB_01_133,3.15596330275229,0,0,56,1,56,0,0,0,3.15596330275229
HEB_01_134,3.15596330275229,0,0,57,1,57,0,0,0,3.15596330275229
HEB_01_137,3.15596330275229,0,0,58,1,58,0,0,0,3.15596330275229
HEB_01_140,3.15596330275229,0,0,59,1,59,0,0,0,3.15596330275229
HEB_01_328,3.15596330275229,0,0,60,1,60,0,0,0,3.15596330275229
HEB_10_003,3.15596330275229,0,0,61,1,61,0,0,0,3.15596330275229
HEB_10_006,3.15596330275229,0,0,62,1,62,0,0,0,3.15596330275229
HEB_10_007,3.15596330275229,0,0,63,1,63,0,0,0,3.15596330275229
HEB_10_008,3.15596330275229,0,0,64,1,64,0,0,0,3.15596330275229
HEB_10_010,3.15596330275229,0,0,65,1,65,0,0,0,3.15596330275229
HEB_10_014,3.15596330275229,0,0,66,1,66,0,0,0,3.15596330275229
HEB_10_018,3.15596330275229,0,0,67,1,67,0,0,0,3.15596330275229
HEB_10_020,3.15596330275229,0,0,68,1,68,0,0,0,3.15596330275229
HEB_10_022,3.15596330275229,0,0,69,1,69,0,0,0,3.15596330275229
HEB_10_025,3.15596330275229,0,0,70,1,70,0,0,0,3.15596330275229
HEB_10_040,3.15596330275229,0,0,71,1,71,0,0,0,3.15596330275229
HEB_10_043,3.15596330275229,0,0,72,1,72,0,0,0,3.15596330275229
HEB_10_045,3.15596330275229,0,0,73,1,73,0,0,0,3.15596330275229
HEB_10_046,3.15596330275229,0,0,74,1,74,0,0,0,3.15596330275229
HEB_10_048,3.15596330275229,0,0,75,1,75,0,0,0,3.15596330275229
HEB_10_049,3.15596330275229,0,0,76,1,76,0,0,0,3.15596330275229
HEB_10_050,3.15596330275229,0,0,77,1,77,0,0,0,3.15596330275229
HEB_10_051,3.15596330275229,0,0,78,1,78,0,0,0,3.15596330275229
HEB_10_054,3.15596330275229,0,0,79,1,79,0,0,0,3.15596330275229
HEB_10_055,3.15596330275229,0,0,80,1,80,0,0,0,3.15596330275229
HEB_10_057,3.15596330275229,0,0,81,1,81,0,0,0,3.15596330275229
HEB_10_059,3.15596330275229,0,0,82,1,82,0,0,0,3.15596330275229
HEB_10_070,3.15596330275229,0,0,83,1,83,0,0,0,3.15596330275229
HEB_10_072,3.15596330275229,0,0,84,1,84,0,0,0,3.15596330275229
HEB_10_074,3.15596330275229,0,0,85,1,85,0,0,0,3.15596330275229
HEB_10_077,3.15596330275229,0,0,86,1,86,0,0,0,3.15596330275229
HEB_10_086,3.15596330275229,0,0,87,1,87,0,0,0,3.15596330275229
HEB_10_093,3.15596330275229,0,0,88,1,88,0,0,0,3.15596330275229
HEB_10_097,3.15596330275229,0,0,89,1,89,0,0,0,3.15596330275229
HEB_10_100,3.15596330275229,0,0,90,1,90,0,0,0,3.15596330275229
HEB_10_104,3.15596330275229,0,0,91,1,91,0,0,0,3.15596330275229
HEB_10_106,3.15596330275229,0,0,92,1,92,0,0,0,3.15596330275229
HEB_10_107,3.15596330275229,0,0,93,1,93,0,0,0,3.15596330275229
HEB_10_114,3.15596330275229,0,0,94,1,94,0,0,0,3.15596330275229
HEB_10_115,3.15596330275229,0,0,95,1,95,0,0,0,3.15596330275229
HEB_10_117,3.15596330275229,0,0,96,1,96,0,0,0,3.15596330275229
HEB_10_120,3.15596330275229,0,0,97,1,97,0,0,0,3.15596330275229
HEB_10_124,3.15596330275229,0,0,98,1,98,0,0,0,3.15596330275229
HEB_10_131,3.15596330275229,0,0,99,1,99,0,0,0,3.15596330275229
HEB_10_132,3.15596330275229,0,0,100,1,100,0,0,0,3.15596330275229
HEB_10_133,3.15596330275229,0,0,101,1,101,0,0,0,3.15596330275229
HEB_10_135,3.15596330275229,0,0,102,1,102,0,0,0,3.15596330275229
HEB_10_137,3.15596330275229,0,0,103,1,103,0,0,0,3.15596330275229
HEB_10_138,3.15596330275229,0,0,104,1,104,0,0,0,3.15596330275229
HEB_10_139,3.15596330275229,0,0,105,1,105,0,0,0,3.15596330275229
HEB_10_140,3.15596330275229,0,0,106,1,106,0,0,0,3.15596330275229
HEB_10_141,3.15596330275229,0,0,107,1,107,0,0,0,3.15596330275229
HEB_10_142,3.15596330275229,0,0,108,1,108,0,0,0,3.15596330275229
HEB_10_150,3.15596330275229,0,0,109,1,109,0,0,0,3.15596330275229
HEB_10_155,3.15596330275229,0,0,110,1,110,0,0,0,3.15596330275229
HEB_10_171,3.15596330275229,0,0,111,1,111,0,0,0,3.15596330275229
HEB_10_172,3.15596330275229,0,0,112,1,112,0,0,0,3.15596330275229
HEB_10_173,3.15596330275229,0,0,113,1,113,0,0,0,3.15596330275229
HEB_10_174,3.15596330275229,0,0,114,1,114,0,0,0,3.15596330275229
HEB_10_175,3.15596330275229,0,0,115,1,115,0,0,0,3.15596330275229
HEB_10_176,3.15596330275229,0,0,116,1,116,0,0,0,3.15596330275229
HEB_10_182,3.15596330275229,0,0,117,1,117,0,0,0,3.15596330275229
HEB_10_184,3.15596330275229,0,0,118,1,118,0,0,0,3.15596330275229
HEB_10_187,3.15596330275229,0,0,119,1,119,0,0,0,3.15596330275229
HEB_10_190,3.15596330275229,0,0,120,1,120,0,0,0,3.15596330275229
