,SNP,Chr,Pos,P.value,MAF,traits
7,SCRI_RS_209516,2,10.4,3.309799e-04,0.2250000,GLM.HEA(NYC)
8,BOPA2_12_31284,2,15.4,3.182537e-05,0.2500000,GLM.HEA(NYC)
9,SCRI_RS_185319,2,15.4,3.356944e-05,0.2458333,GLM.HEA(NYC)
10,SCRI_RS_198643,2,15.4,3.356944e-05,0.2458333,GLM.HEA(NYC)
11,BK_12,2,23.0,1.026156e-07,0.2458333,GLM.HEA(NYC)
12,BK_14,2,23.0,1.026156e-07,0.2458333,GLM.HEA(NYC)
13,BK_15,2,23.0,1.098758e-07,0.2291667,GLM.HEA(NYC)
14,BK_16,2,23.0,7.716817e-08,0.2500000,GLM.HEA(NYC)
15,BOPA2_12_30871,2,23.0,1.026156e-07,0.2458333,GLM.HEA(NYC)
16,BOPA2_12_30872,2,23.0,1.026156e-07,0.2458333,GLM.HEA(NYC)
17,SCRI_RS_170337,2,23.0,3.116551e-07,0.2333333,GLM.HEA(NYC)
18,SCRI_RS_155612,2,24.8,3.405953e-07,0.2250000,GLM.HEA(NYC)
19,BOPA1_7032_201,2,26.8,2.329946e-06,0.2416667,GLM.HEA(NYC)
2,SCRI_RS_156845,2, 4.0,1.774944e-04,0.2791667,GLM.HEI(NYC)
3,SCRI_RS_133377,2, 6.3,9.620939e-05,0.2708333,GLM.HEI(NYC)
4,SCRI_RS_190048,2, 6.3,9.620939e-05,0.2708333,GLM.HEI(NYC)
5,BOPA2_12_31497,2, 8.6,4.927860e-04,0.2333333,GLM.HEI(NYC)
6,SCRI_RS_141771,2, 8.6,4.927860e-04,0.2333333,GLM.HEI(NYC)
81,BOPA2_12_31284,2,15.4,1.060127e-04,0.2500000,GLM.HEI(NYC)
91,SCRI_RS_185319,2,15.4,1.133831e-04,0.2458333,GLM.HEI(NYC)
101,SCRI_RS_198643,2,15.4,1.133831e-04,0.2458333,GLM.HEI(NYC)
111,BK_12,2,23.0,1.205881e-04,0.2458333,GLM.HEI(NYC)
121,BK_14,2,23.0,1.205881e-04,0.2458333,GLM.HEI(NYC)
131,BK_15,2,23.0,8.348181e-05,0.2291667,GLM.HEI(NYC)
141,BK_16,2,23.0,1.129505e-04,0.2500000,GLM.HEI(NYC)
151,BOPA2_12_30871,2,23.0,1.205881e-04,0.2458333,GLM.HEI(NYC)
161,BOPA2_12_30872,2,23.0,1.205881e-04,0.2458333,GLM.HEI(NYC)
191,BOPA1_7032_201,2,26.8,2.945588e-04,0.2416667,GLM.HEI(NYC)
82,BOPA2_12_31284,2,15.4,8.628254e-06,0.2500000,GLM.RIP(NYC)
92,SCRI_RS_185319,2,15.4,1.047115e-05,0.2458333,GLM.RIP(NYC)
102,SCRI_RS_198643,2,15.4,1.047115e-05,0.2458333,GLM.RIP(NYC)
112,BK_12,2,23.0,1.316423e-05,0.2458333,GLM.RIP(NYC)
122,BK_14,2,23.0,1.316423e-05,0.2458333,GLM.RIP(NYC)
132,BK_15,2,23.0,3.149175e-05,0.2291667,GLM.RIP(NYC)
142,BK_16,2,23.0,9.331492e-06,0.2500000,GLM.RIP(NYC)
152,BOPA2_12_30871,2,23.0,1.316423e-05,0.2458333,GLM.RIP(NYC)
162,BOPA2_12_30872,2,23.0,1.316423e-05,0.2458333,GLM.RIP(NYC)
171,SCRI_RS_170337,2,23.0,3.098344e-06,0.2333333,GLM.RIP(NYC)
181,SCRI_RS_155612,2,24.8,2.478916e-06,0.2250000,GLM.RIP(NYC)
192,BOPA1_7032_201,2,26.8,1.009452e-05,0.2416667,GLM.RIP(NYC)
143,BK_16,2,23.0,6.000369e-10,0.250,FarmCPU.HEA(NYC)
182,SCRI_RS_155612,2,24.8,4.127079e-09,0.225,FarmCPU.HEA(NYC)
31,SCRI_RS_133377,2, 6.3,4.055015e-06,0.2708333,FarmCPU.HEI(NYC)
133,BK_15,2,23.0,8.869638e-06,0.2291667,FarmCPU.HEI(NYC)
172,SCRI_RS_170337,2,23.0,1.227845e-07,0.2333333,FarmCPU.RIP(NYC)
183,SCRI_RS_155612,2,24.8,1.338096e-07,0.2250000,FarmCPU.RIP(NYC)
