Genotype,HEA,TGW,HEI,RIP,PM
HEB_01_001,62.0,53.63,53.0,35.0,7.0
HEB_01_003,67.0,57.62,58.0,34.0,5.0
HEB_01_004,57.0,52.15,74.0,40.0,1.0
HEB_01_005,69.0,54.16,60.0,34.0,6.0
HEB_01_013,64.0,51.4,60.0,34.0,1.0
HEB_01_021,81.0,56.44,58.0,31.0,1.0
HEB_01_022,95.0,53.27,59.621848739495796,32.78991596638655,3.1559633027522938
HEB_01_023,67.0,59.55,55.0,35.0,7.0
HEB_01_025,53.0,59.1,40.0,42.0,1.0
HEB_01_030,69.0,54.53,62.0,36.0,7.0
HEB_01_031,60.0,46.84,37.0,30.0,3.1559633027522938
HEB_01_032,64.0,58.8,74.0,34.0,1.0
HEB_01_033,60.0,58.79,57.0,37.0,1.0
HEB_01_038,69.0,44.84,60.0,30.0,1.0
HEB_01_041,71.0,51.9,46.0,31.0,1.0
HEB_01_042,69.0,50.54,53.0,33.0,3.1559633027522938
HEB_01_047,69.0,48.01,54.0,33.0,1.0
HEB_01_050,71.0,47.58,54.0,32.0,1.0
HEB_01_053,74.0,49.09,47.0,29.0,6.0
HEB_01_055,71.0,51.18,45.0,32.0,3.1559633027522938
HEB_01_057,67.0,49.39,40.0,35.0,7.0
HEB_01_071,65.0,51.35,70.0,32.0,5.0
HEB_01_072,69.0,56.04,56.0,33.0,1.0
HEB_01_074,67.0,55.28,77.0,31.0,1.0
HEB_01_075,74.0,52.03,65.0,29.0,1.0
HEB_01_077,69.0,56.57,67.0,33.0,1.0
HEB_01_079,66.0,48.81,74.0,32.0,1.0
HEB_01_080,69.0,54.43,53.0,30.0,5.0
HEB_01_082,62.0,56.32,48.0,35.0,8.0
HEB_01_085,60.0,53.52,57.0,35.0,1.0
HEB_01_086,67.0,51.87,82.0,31.0,1.0
HEB_01_087,62.0,56.56,86.0,37.0,1.0
HEB_01_090,64.0,54.04,55.0,35.0,5.0
HEB_01_091,67.0,54.28,74.0,30.0,1.0
HEB_01_092,62.0,51.39,68.0,35.0,3.1559633027522938
HEB_01_093,55.0,52.01,53.0,40.0,4.0
HEB_01_096,64.0,59.99,80.0,33.0,1.0
HEB_01_097,62.0,57.97,73.0,37.0,1.0
HEB_01_099,55.0,56.77,60.0,33.0,1.0
HEB_01_101,68.0,55.29,50.0,33.0,1.0
HEB_01_103,64.0,53.74,58.0,35.0,1.0
HEB_01_104,60.0,56.32,51.0,37.0,1.0
HEB_01_106,67.0,51.75,42.0,36.0,3.0
HEB_01_109,64.0,53.84,58.0,35.0,1.0
HEB_01_112,69.0,51.79,64.0,30.0,5.0
HEB_01_121,67.0,59.64,63.0,32.0,1.0
HEB_01_122,67.0,54.12,60.0,31.0,7.0
HEB_01_123,69.0,56.4,65.0,32.0,7.0
HEB_01_124,67.0,52.91,65.0,31.0,8.0
HEB_01_126,64.0,54.76,68.0,33.0,1.0
HEB_01_127,64.0,52.0727731092437,72.0,35.0,5.0
HEB_01_128,76.0,51.46,63.0,33.0,1.0
HEB_01_130,69.0,49.03,57.0,30.0,3.1559633027522938
HEB_01_131,74.0,52.49,58.0,31.0,1.0
HEB_01_132,69.0,52.13,62.0,33.0,1.0
HEB_01_133,69.0,48.15,58.0,32.0,1.0
HEB_01_134,69.0,56.05,50.0,33.0,1.0
HEB_01_137,67.0,51.34,50.0,34.0,1.0
HEB_01_140,69.0,52.96,55.0,34.0,1.0
HEB_01_328,67.0,51.79,60.0,31.0,1.0
HEB_10_003,74.0,47.89,54.0,29.0,7.0
HEB_10_006,66.0,53.2,93.0,33.0,7.0
HEB_10_007,66.0,47.5,59.0,35.0,1.0
HEB_10_008,60.0,46.01,63.0,39.0,9.0
HEB_10_010,62.0,58.0,74.0,36.0,1.0
HEB_10_014,69.0,53.94,55.0,32.0,1.0
HEB_10_018,71.0,52.18,64.0,31.0,1.0
HEB_10_020,64.0,56.14,53.0,33.0,6.0
HEB_10_022,71.0,53.27,61.0,34.0,6.0
HEB_10_025,74.0,53.42,68.0,29.0,7.0
HEB_10_040,67.0,51.12,55.0,34.0,5.0
HEB_10_043,81.0,53.34,64.0,31.0,8.0
HEB_10_045,76.0,50.49,65.0,30.0,6.0
HEB_10_046,62.0,48.84,52.0,35.0,7.0
HEB_10_048,69.0,51.0,50.0,32.0,8.0
HEB_10_049,71.0,49.6,61.0,34.0,9.0
HEB_10_050,64.0,47.26,52.0,33.0,8.0
HEB_10_051,74.0,45.77,56.0,28.0,3.1559633027522938
HEB_10_054,85.0,44.98,50.0,31.0,3.1559633027522938
HEB_10_055,67.0,47.1,53.0,28.0,6.0
HEB_10_057,67.0,49.82,62.0,32.0,8.0
HEB_10_059,69.0,46.09,67.0,30.0,1.0
HEB_10_070,74.0,48.16,82.0,31.0,1.0
HEB_10_072,74.0,52.63,56.0,31.0,7.0
HEB_10_074,55.0,47.18,44.0,37.0,4.0
HEB_10_077,66.0,52.35,55.0,32.0,1.0
HEB_10_086,83.0,45.08,65.0,29.0,4.0
HEB_10_093,67.0,51.42,63.0,32.0,1.0
HEB_10_097,83.0,51.09,65.0,29.0,1.0
HEB_10_100,69.0,49.69,58.0,32.0,8.0
HEB_10_104,67.0,51.34,54.0,32.0,1.0
HEB_10_106,67.0,51.53,70.0,31.0,1.0
HEB_10_107,65.0,51.94,60.0,33.0,1.0
HEB_10_114,81.0,46.43,52.0,25.0,7.0
HEB_10_115,60.0,38.82,55.0,35.0,4.0
HEB_10_117,69.0,55.41,57.0,30.0,1.0
HEB_10_120,74.0,51.29,68.0,31.0,1.0
HEB_10_124,69.0,41.71,42.0,33.0,1.0
HEB_10_131,74.0,47.76,57.0,31.0,3.1559633027522938
HEB_10_132,83.0,49.82,76.0,26.0,1.0
HEB_10_133,69.0,57.91,58.0,36.0,1.0
HEB_10_135,67.0,53.15,62.0,35.0,1.0
HEB_10_137,71.0,49.51,67.0,30.0,1.0
HEB_10_138,76.0,44.28,57.0,29.0,3.1559633027522938
HEB_10_139,67.0,52.9,45.0,31.0,1.0
HEB_10_140,71.0,47.96,64.0,30.0,1.0
HEB_10_141,60.0,52.15,76.0,35.0,1.0
HEB_10_142,60.0,57.37,56.0,37.0,1.0
HEB_10_150,64.0,44.14,78.0,34.0,1.0
HEB_10_155,78.0,57.44,57.0,34.0,3.1559633027522938
HEB_10_171,64.0,54.13,65.0,37.0,1.0
HEB_10_172,74.0,51.08,60.0,29.0,1.0
HEB_10_173,60.0,51.45,57.0,35.0,6.0
HEB_10_174,64.0,53.49,48.0,34.0,4.0
HEB_10_175,60.0,47.58,53.0,35.0,1.0
HEB_10_176,78.0,49.47,62.0,28.0,1.0
HEB_10_182,55.0,59.33,50.0,37.0,6.0
HEB_10_184,62.0,57.38,52.0,35.0,7.0
HEB_10_187,60.0,58.1,47.0,32.0,1.0
HEB_10_190,64.0,53.23,57.0,31.0,8.0
