Genotype,SCRI_RS_136200,SCRI_RS_156845,SCRI_RS_133377,SCRI_RS_190048,BOPA2_12_31497,SCRI_RS_141771,SCRI_RS_209516,BOPA2_12_31284,SCRI_RS_185319,SCRI_RS_198643,BK_12,BK_14,BK_15,BK_16,BOPA2_12_30871,BOPA2_12_30872,SCRI_RS_170337,SCRI_RS_155612,BOPA1_7032_201,SCRI_RS_120182,BOPA2_12_30657,SCRI_RS_154981,SCRI_RS_194318,SCRI_RS_201800,SCRI_RS_158928,BOPA1_6384_866,SCRI_RS_224846,BOPA1_946_2500,SCRI_RS_144592,SCRI_RS_170235,SCRI_RS_240011,SCRI_RS_185710,BOPA1_4136_869,BOPA1_6911_866,BOPA1_2284_1738,BOPA1_4434_804,SCRI_RS_153531,SCRI_RS_167713,BOPA1_7187_382,BOPA1_7660_476,BOPA2_12_10719,BOPA2_12_31383,SCRI_RS_110043,BOPA1_4037_916,SCRI_RS_9469,SCRI_RS_133539,SCRI_RS_200291,BOPA2_12_30897,SCRI_RS_196853,SCRI_RS_88704,BOPA1_8632_1809,SCRI_RS_119261,SCRI_RS_155456,SCRI_RS_157236,SCRI_RS_176114,SCRI_RS_182039,SCRI_RS_211894,SCRI_RS_237481,BOPA1_11591_265,SCRI_RS_129223,SCRI_RS_135112,SCRI_RS_144778,SCRI_RS_222876,BOPA1_111_499,BOPA1_3180_1771,BOPA1_871_462,BOPA1_2464_1228,BOPA2_12_30690,SCRI_RS_139840,SCRI_RS_209551,SCRI_RS_142314,SCRI_RS_198883,SCRI_RS_106163,SCRI_RS_161490,BOPA2_12_10487,BOPA2_12_10950,SCRI_RS_172784,SCRI_RS_204274,SCRI_RS_234587,SCRI_RS_44952,SCRI_RS_152664,SCRI_RS_156013,SCRI_RS_174077,SCRI_RS_194653,SCRI_RS_116590,SCRI_RS_172136,SCRI_RS_73620,SCRI_RS_170209,SCRI_RS_139106,SCRI_RS_139115,SCRI_RS_142982,SCRI_RS_139737
HEB_01_001,2,2.0,2,2,2,2,2,0,0,0,0.0,0.0,0.0,0,0.0,0,0,0,0,0,0,0.0,0.0,2.0,2.0,2.0,2,2,2,2.0,2,2,2,2,2,2,2,2,2,2,2,2,2,2,2,2.0,2,2,2,2,2,2.0,2,2,2,2,2.0,2,2,2,2,2,2,2,2,2.0,0.0,0,0,0,0,0.0,0,0,0,0,0,0.0,0,0,0.0,0,0,0.0,0,0,0,0,0,0,0,0
HEB_01_003,2,2.0,2,2,2,2,2,1,2,2,2.0,2.0,2.0,2,2.0,2,2,2,1,2,2,2.0,2.0,2.0,2.0,2.0,2,2,2,2.0,2,2,2,2,2,2,2,2,2,2,2,2,2,2,2,2.0,2,2,2,2,2,2.0,2,2,2,2,2.0,2,2,2,2,2,2,2,2,2.0,0.0,0,0,0,0,0.0,0,0,0,0,0,0.0,0,0,0.0,0,0,0.0,0,0,0,0,0,0,0,0
HEB_01_004,2,2.0,2,2,2,2,2,0,0,0,0.0,0.0,0.0,0,0.0,0,0,0,0,0,0,0.0,0.0,2.0,2.0,2.0,2,2,2,2.0,2,2,2,2,2,2,2,2,2,2,2,2,2,2,2,2.0,2,2,2,2,2,2.0,2,2,2,2,2.0,2,2,2,2,2,2,2,2,2.0,1.0,1,1,1,1,1.0,1,1,1,1,1,1.0,1,1,1.0,1,1,1.0,1,1,1,1,2,2,2,2
HEB_01_005,2,2.0,2,2,2,2,2,1,1,1,1.0,1.0,2.0,1,1.0,1,1,1,1,1,1,1.0,2.0,1.0,2.0,2.0,2,2,2,2.0,2,2,2,2,2,2,2,2,2,2,2,2,2,2,2,2.0,2,2,2,2,2,2.0,2,2,2,2,2.0,2,2,2,2,2,2,2,2,2.0,2.0,2,2,2,2,2.0,0,0,0,0,0,0.0,0,0,0.0,0,0,0.0,0,0,0,0,0,0,0,0
HEB_01_013,2,2.0,2,2,2,2,2,2,2,2,2.0,2.0,2.0,2,2.0,2,2,2,2,2,2,2.0,2.0,2.0,2.0,2.0,2,2,2,2.0,2,2,2,2,2,2,2,2,2,2,2,2,2,2,2,2.0,2,2,2,2,2,2.0,2,2,2,2,2.0,2,2,2,2,2,2,2,2,2.0,2.0,2,2,2,2,2.0,2,2,2,2,2,2.0,2,2,2.0,2,2,2.0,2,2,2,2,2,2,2,2
HEB_01_021,2,2.0,2,2,2,2,2,0,0,0,0.0,0.0,0.0,0,0.0,0,0,0,0,0,0,1.0,0.0,0.0,0.0,0.0,0,0,0,0.0,0,0,0,0,0,0,0,0,0,0,0,0,0,0,0,2.0,2,2,2,2,2,2.0,2,2,2,2,2.0,2,2,2,2,2,2,2,2,2.0,2.0,2,2,2,2,2.0,0,0,0,0,0,0.0,0,0,0.0,0,0,0.0,2,2,2,2,2,2,2,2
HEB_01_022,2,2.0,2,2,2,2,2,0,0,0,2.0,2.0,2.0,2,2.0,2,2,2,2,2,2,2.0,2.0,1.0,1.0,1.0,1,1,1,1.0,1,2,2,2,0,0,0,0,0,0,0,0,0,0,0,2.0,2,2,2,2,2,2.0,2,2,2,2,2.0,2,2,2,2,2,2,2,2,2.0,2.0,2,2,2,2,2.0,2,2,2,2,2,2.0,2,2,2.0,2,2,2.0,2,2,2,2,2,2,2,2
HEB_01_023,2,2.0,2,2,2,2,2,2,2,2,2.0,2.0,2.0,2,2.0,2,2,2,2,2,2,2.0,2.0,2.0,2.0,2.0,2,2,2,2.0,2,2,2,2,2,2,2,2,2,2,2,2,2,2,2,2.0,2,2,2,2,2,2.0,2,2,2,2,2.0,2,2,2,2,2,2,2,2,2.0,2.0,2,2,2,0,0.0,0,0,1,1,1,1.0,1,1,1.0,1,1,1.0,2,2,2,2,2,2,2,2
HEB_01_025,0,0.0,0,0,0,0,0,0,0,0,0.0,0.0,0.0,0,0.0,0,0,0,0,0,0,0.0,0.0,0.0,0.0,0.0,0,1,1,2.0,1,1,2,2,1,1,1,1,1,1,1,1,1,1,1,2.0,2,2,2,2,2,2.0,2,2,2,2,2.0,2,2,2,2,2,2,0,0,0.0,2.0,2,2,2,2,2.0,0,0,0,0,0,0.0,0,0,0.0,0,0,0.0,2,2,2,2,2,2,2,2
HEB_01_030,2,2.0,2,2,2,2,2,2,2,2,2.0,2.0,2.0,2,2.0,2,2,2,2,2,2,2.0,0.0,0.0,0.0,0.0,0,0,0,0.0,0,0,0,0,2,0,0,2,2,2,2,2,2,2,2,2.0,2,2,2,2,2,2.0,2,2,2,2,2.0,2,2,2,2,2,2,1,1,1.0,1.0,1,1,1,1,2.0,1,1,1,1,1,1.0,1,1,1.0,1,1,1.0,2,2,2,2,2,2,2,2
HEB_01_031,0,0.0,0,0,0,0,0,0,0,0,0.0,0.0,0.0,0,0.0,0,0,0,0,0,0,0.0,0.0,0.0,0.0,0.0,0,0,0,0.0,0,0,0,0,0,0,0,0,0,0,0,0,0,0,0,0.0,0,0,0,0,1,1.0,1,1,1,1,1.0,1,2,2,2,2,2,2,2,2.0,2.0,2,2,2,2,2.0,2,2,2,2,2,2.0,2,2,2.0,2,2,2.0,2,2,2,2,2,2,2,2
HEB_01_032,2,2.0,2,2,2,2,2,2,2,2,2.0,2.0,2.0,2,2.0,2,2,2,2,0,0,0.0,0.0,0.0,0.0,0.0,0,0,0,2.0,2,2,2,2,2,2,2,2,2,2,2,2,2,2,2,2.0,2,1,1,1,1,1.0,1,1,1,1,1.0,1,1,1,1,1,1,2,2,2.0,2.0,2,2,2,2,2.0,2,2,2,2,2,2.0,2,2,2.0,2,2,2.0,2,2,2,2,2,2,2,2
HEB_01_033,2,2.0,2,2,2,2,1,1,1,1,1.0,1.0,2.0,1,1.0,1,1,1,1,0,0,2.0,0.0,0.0,0.0,0.0,0,0,0,0.0,0,0,0,0,0,0,0,0,0,0,0,0,0,0,0,2.0,2,2,2,2,2,2.0,2,2,2,2,2.0,2,2,2,2,2,2,2,2,2.0,2.0,2,2,2,2,2.0,2,2,2,2,2,2.0,2,2,2.0,2,2,2.0,2,2,2,2,2,2,2,2
HEB_01_038,2,2.0,2,2,2,2,2,2,2,2,2.0,2.0,2.0,2,2.0,2,2,2,2,2,2,2.0,2.0,1.0,1.0,1.0,1,1,1,1.0,1,1,1,1,1,1,1,1,1,1,1,1,1,1,1,1.0,1,1,1,1,1,2.0,1,1,1,1,1.0,1,2,2,2,2,2,2,2,2.0,2.0,2,2,2,2,2.0,2,2,2,2,2,2.0,2,2,2.0,2,2,2.0,2,2,2,2,2,2,2,2
HEB_01_041,2,2.0,2,2,2,2,2,2,2,2,2.0,2.0,2.0,2,2.0,2,2,2,2,2,2,2.0,2.0,2.0,2.0,2.0,2,2,2,2.0,2,2,2,2,2,2,2,2,2,2,2,2,2,2,2,2.0,2,2,2,2,2,2.0,2,2,2,2,2.0,2,2,2,2,2,2,2,2,2.0,2.0,2,2,2,2,2.0,2,2,2,2,2,2.0,2,2,2.0,2,2,2.0,2,2,2,2,2,2,2,2
HEB_01_042,2,2.0,2,2,2,2,2,2,2,2,2.0,2.0,2.0,2,2.0,2,2,2,2,2,2,2.0,2.0,2.0,2.0,2.0,2,2,2,2.0,2,2,2,2,2,2,2,2,2,2,2,2,2,2,2,2.0,2,2,2,2,2,2.0,2,2,2,2,2.0,2,2,2,2,2,2,2,2,2.0,2.0,2,2,2,2,2.0,2,2,2,2,2,2.0,2,2,2.0,2,2,2.0,2,2,2,2,2,2,2,2
HEB_01_047,2,2.0,2,2,2,2,2,2,2,2,2.0,2.0,2.0,2,2.0,2,2,2,2,2,2,2.0,2.0,2.0,2.0,2.0,2,2,2,2.0,2,2,2,2,2,2,2,2,2,2,2,2,2,2,2,2.0,2,2,2,2,2,2.0,2,2,2,2,2.0,2,2,2,2,2,2,2,2,2.0,2.0,2,2,2,2,2.0,2,2,2,2,2,2.0,2,2,2.0,2,2,2.0,2,2,2,2,2,2,2,2
HEB_01_050,2,2.0,2,2,2,2,2,2,2,2,2.0,2.0,2.0,2,2.0,2,2,2,2,2,2,2.0,2.0,2.0,2.0,2.0,2,2,2,2.0,2,2,2,2,2,2,2,2,2,2,2,2,2,2,2,2.0,2,2,2,2,2,2.0,2,2,2,2,2.0,2,2,2,2,2,2,2,2,2.0,2.0,2,2,2,2,2.0,2,2,2,2,2,2.0,2,2,2.0,2,2,2.0,2,2,2,2,2,2,2,2
HEB_01_053,2,2.0,2,2,2,2,2,2,2,2,2.0,2.0,2.0,2,2.0,2,2,2,2,0,0,0.0,0.0,0.0,0.0,0.0,0,0,0,0.0,0,0,0,0,0,0,0,0,0,0,0,2,0,2,2,2.0,2,2,2,2,2,2.0,2,2,2,2,2.0,2,2,2,2,2,2,0,0,1.0,1.0,1,1,1,1,2.0,2,2,2,2,2,2.0,2,2,2.0,2,2,2.0,2,2,2,2,2,2,2,2
HEB_01_055,2,2.0,2,2,2,2,2,2,2,2,2.0,2.0,2.0,2,2.0,2,2,2,2,2,2,2.0,2.0,2.0,0.0,0.0,0,0,0,0.0,0,0,0,0,0,0,0,0,0,0,0,0,0,0,0,0.0,0,2,2,2,2,2.0,2,2,2,2,2.0,2,2,2,2,2,2,2,2,2.0,1.0,1,1,1,0,0.0,0,0,0,0,0,0.0,0,0,0.0,0,0,0.0,2,2,2,2,2,2,2,2
HEB_01_057,2,2.0,2,2,2,2,2,2,2,2,2.0,2.0,2.0,2,2.0,2,2,2,2,2,2,2.0,2.0,2.0,2.0,2.0,2,2,2,2.0,2,0,0,0,0,0,0,0,0,0,0,0,0,0,0,0.0,0,0,0,0,0,0.0,0,0,0,0,0.0,0,0,0,0,0,0,0,0,0.0,0.0,0,0,0,0,0.0,0,0,0,0,0,0.0,0,0,0.0,0,0,0.0,2,2,2,2,2,2,2,2
HEB_01_071,2,2.0,2,2,2,2,2,2,2,2,2.0,2.0,2.0,2,2.0,2,2,2,2,2,2,2.0,2.0,2.0,2.0,2.0,2,2,2,2.0,2,2,2,2,2,2,2,2,2,2,2,2,2,2,2,2.0,2,2,2,2,2,2.0,2,2,2,2,2.0,2,2,2,2,2,2,2,2,2.0,2.0,2,2,2,2,2.0,2,2,2,2,2,2.0,2,2,2.0,2,2,2.0,2,2,2,2,2,2,2,2
HEB_01_072,2,2.0,2,2,2,2,2,2,2,2,2.0,2.0,2.0,2,2.0,2,2,2,2,2,2,2.0,2.0,2.0,2.0,2.0,2,2,2,2.0,2,2,2,2,2,2,2,2,2,2,2,2,2,2,2,2.0,2,2,2,2,2,2.0,2,2,2,2,2.0,2,2,2,2,2,2,2,2,2.0,2.0,2,2,2,2,2.0,2,2,2,2,2,2.0,2,2,2.0,2,2,2.0,2,2,2,2,2,2,2,2
HEB_01_074,2,2.0,2,2,2,2,2,2,2,2,2.0,2.0,2.0,2,2.0,2,2,2,2,2,2,2.0,2.0,2.0,2.0,2.0,2,2,2,2.0,2,2,2,2,2,2,2,2,2,2,2,2,2,2,2,2.0,2,2,2,2,2,2.0,2,2,2,2,2.0,2,2,2,2,2,2,2,2,2.0,2.0,2,2,2,2,2.0,2,2,2,2,2,2.0,2,2,2.0,2,2,2.0,2,2,2,2,2,2,2,2
HEB_01_075,2,2.0,2,2,2,2,2,2,2,2,2.0,2.0,2.0,2,2.0,2,2,2,2,2,2,2.0,2.0,2.0,2.0,2.0,2,2,2,2.0,2,2,2,2,2,2,2,2,2,2,2,2,2,2,2,2.0,2,2,2,2,2,2.0,2,2,2,2,2.0,2,2,2,2,2,2,2,2,2.0,2.0,2,2,2,2,2.0,2,2,2,2,2,2.0,2,2,2.0,2,2,2.0,2,2,2,2,2,2,2,2
HEB_01_077,2,2.0,2,2,2,2,2,2,2,2,2.0,2.0,2.0,2,2.0,2,2,2,2,2,2,2.0,2.0,2.0,2.0,2.0,2,2,2,2.0,2,2,2,2,2,2,2,2,2,2,2,2,2,2,2,2.0,2,2,2,2,2,2.0,2,2,2,2,2.0,2,2,2,2,2,2,2,2,2.0,2.0,2,2,2,2,2.0,2,2,2,2,2,2.0,2,2,2.0,2,2,2.0,2,2,2,2,2,2,2,2
HEB_01_079,2,2.0,2,2,2,2,2,2,2,2,2.0,2.0,2.0,2,2.0,2,2,2,2,2,2,2.0,2.0,2.0,2.0,2.0,2,2,2,2.0,2,2,2,2,2,2,2,2,2,2,2,2,2,2,2,2.0,2,2,2,2,2,2.0,2,2,2,2,2.0,2,2,2,2,2,2,2,2,2.0,2.0,2,2,2,2,2.0,2,2,2,2,2,2.0,2,2,2.0,2,2,2.0,2,2,2,2,2,2,2,2
HEB_01_080,2,2.0,2,2,2,2,2,2,2,2,2.0,2.0,2.0,2,2.0,2,2,2,2,2,2,2.0,2.0,2.0,2.0,2.0,2,2,2,2.0,2,2,2,2,2,2,2,2,2,2,2,2,2,2,2,2.0,2,2,2,2,2,2.0,2,2,2,2,2.0,2,2,2,2,2,2,2,2,2.0,2.0,2,2,2,2,2.0,2,2,2,2,2,2.0,2,2,2.0,2,2,2.0,2,2,2,2,2,2,2,2
HEB_01_082,1,1.0,1,1,1,1,1,1,1,1,0.0,0.0,0.0,0,0.0,0,2,2,2,2,2,2.0,2.0,2.0,2.0,2.0,2,2,2,2.0,2,2,2,2,2,2,2,2,2,2,2,2,2,2,2,2.0,2,2,2,2,2,2.0,2,2,2,2,2.0,2,2,2,2,2,2,2,2,2.0,2.0,2,2,2,2,2.0,2,2,2,2,2,2.0,2,2,2.0,2,2,2.0,2,0,0,0,0,0,0,0
HEB_01_085,0,0.0,0,0,0,0,0,0,0,0,0.0,0.0,0.0,0,0.0,0,0,0,0,2,2,2.0,2.0,2.0,2.0,2.0,2,2,2,2.0,2,2,2,2,2,2,2,2,2,2,2,2,2,2,2,2.0,2,2,2,2,2,2.0,2,2,2,2,2.0,2,2,2,2,2,2,2,2,2.0,2.0,2,2,2,2,2.0,0,0,0,0,0,0.0,0,0,0.0,0,0,0.0,0,0,0,0,0,0,0,0
HEB_01_086,2,2.0,2,2,2,2,2,2,2,2,2.0,2.0,2.0,2,2.0,2,2,2,2,2,2,2.0,2.0,2.0,2.0,2.0,2,2,2,2.0,2,2,2,2,2,2,2,2,2,2,2,2,2,2,2,2.0,2,2,2,2,2,2.0,2,2,2,2,2.0,2,2,2,2,2,2,2,2,2.0,2.0,2,2,2,2,2.0,2,2,2,2,2,2.0,2,2,2.0,2,2,2.0,2,2,2,2,2,2,2,2
HEB_01_087,2,2.0,2,2,2,2,2,2,2,2,2.0,2.0,2.0,2,2.0,2,2,2,2,2,2,2.0,2.0,2.0,2.0,2.0,2,2,2,2.0,2,2,2,2,2,2,2,2,2,2,2,2,2,2,2,2.0,2,2,2,2,2,2.0,2,2,2,2,2.0,2,2,2,2,2,2,2,2,2.0,2.0,2,2,2,2,2.0,0,0,0,0,0,0.0,0,0,0.0,0,0,0.0,0,0,0,0,0,0,0,0
HEB_01_090,2,2.0,2,2,2,2,2,2,2,2,2.0,2.0,2.0,2,2.0,2,2,2,2,2,2,2.0,2.0,2.0,2.0,2.0,2,2,2,2.0,2,2,2,2,2,2,2,2,2,2,2,2,2,2,2,2.0,2,2,2,2,2,2.0,2,2,2,2,2.0,2,2,2,2,2,2,2,2,2.0,2.0,2,2,2,2,2.0,0,0,0,0,0,0.0,0,0,0.0,0,0,0.0,0,0,0,0,0,0,0,0
HEB_01_091,2,2.0,2,2,2,2,2,2,2,2,2.0,2.0,2.0,2,2.0,2,2,2,2,2,2,2.0,2.0,2.0,2.0,2.0,2,2,2,2.0,2,2,2,2,2,2,2,2,2,2,2,2,2,2,2,2.0,2,2,2,2,2,2.0,2,2,2,2,2.0,2,2,2,2,2,2,2,2,2.0,1.0,1,1,1,1,1.0,1,1,1,1,1,1.0,1,1,1.0,1,1,1.0,1,1,1,1,1,1,1,1
HEB_01_092,0,0.0,0,0,0,0,0,0,0,0,0.0,0.0,0.0,0,0.0,0,0,0,0,2,2,2.0,2.0,2.0,2.0,2.0,2,2,2,2.0,2,2,2,2,2,2,2,2,2,2,2,2,2,2,2,2.0,2,2,2,2,2,2.0,2,2,2,2,2.0,2,2,2,2,2,2,2,2,2.0,1.0,1,1,1,1,1.0,1,1,1,1,1,1.0,1,1,1.0,1,1,1.0,0,0,0,0,0,0,0,0
HEB_01_093,0,0.0,0,0,0,0,0,0,0,0,0.0,0.0,0.0,0,0.0,0,0,0,0,2,2,2.0,2.0,2.0,2.0,2.0,2,2,2,2.0,2,2,2,2,2,2,2,2,2,2,2,2,2,2,2,2.0,2,2,2,2,2,2.0,2,2,2,2,2.0,2,2,2,2,2,2,0,0,0.0,0.0,0,0,0,0,0.0,0,0,0,0,0,0.0,0,0,0.0,0,0,0.0,0,2,2,2,2,2,2,2
HEB_01_096,2,2.0,2,2,2,2,2,2,2,2,2.0,2.0,2.0,2,2.0,2,2,2,2,2,2,2.0,2.0,2.0,2.0,2.0,2,2,2,2.0,2,2,2,2,2,2,2,2,2,2,2,2,2,2,2,2.0,2,2,2,2,2,2.0,2,2,2,2,2.0,2,2,2,2,2,2,0,0,0.0,0.0,0,0,0,0,0.0,0,0,0,0,0,0.0,0,0,0.0,0,0,0.0,0,0,0,0,0,0,0,0
HEB_01_097,2,2.0,2,2,2,2,2,2,2,2,2.0,2.0,2.0,2,2.0,2,2,2,2,2,2,2.0,2.0,2.0,2.0,2.0,2,2,2,2.0,2,2,2,2,2,2,2,2,2,2,2,2,2,2,2,2.0,2,2,2,2,2,2.0,2,2,2,2,2.0,2,2,2,2,2,2,2,2,2.0,0.0,0,0,0,0,0.0,0,0,0,0,0,0.0,0,0,0.0,0,0,0.0,0,0,0,0,0,0,0,0
HEB_01_099,1,1.0,1,1,1,1,2,2,2,2,0.0,0.0,0.0,0,0.0,0,0,0,0,2,2,2.0,2.0,2.0,2.0,2.0,2,2,2,2.0,2,2,2,2,2,2,2,2,2,2,2,2,2,2,2,2.0,2,2,2,2,2,2.0,2,2,2,2,2.0,2,2,2,2,2,2,0,0,0.0,0.0,0,0,0,0,0.0,0,0,0,0,0,0.0,0,0,0.0,0,0,0.0,0,0,0,0,0,0,0,0
HEB_01_101,0,0.0,0,0,0,0,0,2,2,2,2.0,2.0,2.0,2,2.0,2,2,2,2,1,0,0.0,0.0,0.0,0.0,0.0,0,0,0,0.0,0,0,0,0,1,1,1,1,1,1,1,1,1,1,1,2.0,2,2,2,2,2,2.0,2,2,2,2,2.0,2,2,2,2,2,2,2,2,2.0,2.0,2,2,2,2,2.0,2,2,2,2,2,2.0,2,2,0.0,0,0,0.0,0,0,0,0,0,0,0,1
HEB_01_103,2,2.0,2,2,2,2,2,1,1,1,2.0,2.0,2.0,1,2.0,2,2,1,2,2,0,0.0,0.0,0.0,0.0,0.0,0,0,0,0.0,0,0,2,0,2,2,2,2,2,2,2,2,2,2,2,2.0,2,2,2,2,2,2.0,2,2,2,2,2.0,2,2,2,2,2,2,2,2,2.0,2.0,2,2,2,2,2.0,2,2,0,0,0,0.0,0,0,0.0,0,0,0.0,0,0,0,0,0,0,0,0
HEB_01_104,0,0.0,0,0,0,0,0,0,0,0,0.0,0.0,0.0,0,0.0,0,0,0,0,0,0,0.0,2.0,2.0,2.0,2.0,2,2,2,2.0,2,2,2,2,2,2,2,2,2,2,2,2,2,2,2,2.0,2,2,2,2,2,2.0,2,2,2,2,2.0,2,2,2,2,2,2,2,2,2.0,0.0,0,0,0,0,0.0,0,0,0,0,0,0.0,0,0,0.0,0,0,0.0,0,0,0,0,0,0,0,2
HEB_01_106,0,0.0,0,0,0,0,2,1,1,1,0.0,0.0,0.0,0,0.0,0,1,1,1,1,1,1.0,2.0,2.0,2.0,2.0,2,2,2,2.0,2,2,2,2,2,2,2,2,2,2,2,2,2,2,2,2.0,2,2,2,2,2,2.0,2,2,2,2,2.0,2,2,2,2,2,2,2,2,2.0,0.0,0,0,0,0,0.0,0,0,0,0,0,0.0,0,0,0.0,0,0,0.0,0,0,0,0,0,0,0,0
HEB_01_109,0,1.0,1,1,1,1,1,1,1,1,2.0,2.0,2.0,2,2.0,2,2,2,2,2,2,2.0,2.0,2.0,2.0,2.0,2,2,2,2.0,2,2,2,2,2,2,2,2,2,2,2,2,2,2,2,2.0,2,2,2,2,2,2.0,2,2,2,2,2.0,2,2,2,2,2,2,2,2,2.0,0.0,0,0,0,0,0.0,0,0,0,0,0,0.0,0,0,0.0,0,0,0.0,0,0,0,0,0,0,0,0
HEB_01_112,2,2.0,2,2,2,2,2,2,2,2,2.0,2.0,2.0,2,2.0,2,2,2,2,2,2,2.0,2.0,2.0,2.0,2.0,2,2,2,2.0,2,2,2,2,2,2,2,2,2,2,2,2,2,2,2,2.0,2,2,2,2,2,2.0,2,2,2,2,2.0,2,2,2,2,2,2,2,2,2.0,2.0,2,2,2,2,2.0,2,2,2,2,2,2.0,2,2,2.0,2,2,2.0,2,2,2,2,2,2,2,2
HEB_01_121,2,2.0,2,2,2,2,2,2,2,2,2.0,2.0,2.0,2,2.0,2,2,2,2,2,2,2.0,2.0,2.0,2.0,2.0,2,2,2,2.0,2,2,2,2,2,2,2,2,2,2,2,2,2,2,2,2.0,2,2,2,2,2,2.0,2,2,2,2,2.0,2,2,2,2,2,2,2,2,2.0,0.0,0,0,0,0,0.0,0,0,0,0,0,0.0,0,0,0.0,0,0,0.0,0,2,2,2,2,2,2,2
HEB_01_122,2,2.0,2,2,2,2,2,2,2,2,2.0,2.0,2.0,2,2.0,2,2,2,2,2,2,2.0,2.0,2.0,2.0,2.0,2,2,2,2.0,2,2,2,2,2,2,2,2,2,2,2,2,2,2,2,2.0,2,2,2,2,2,2.0,2,2,2,2,2.0,2,2,2,2,2,2,2,2,2.0,0.0,0,0,0,0,0.0,0,0,0,0,0,0.0,0,0,0.0,0,0,0.0,0,0,0,0,0,0,0,0
HEB_01_123,2,2.0,2,2,2,2,2,2,2,2,2.0,2.0,2.0,2,2.0,2,2,2,2,2,2,2.0,2.0,2.0,2.0,2.0,2,2,2,2.0,2,2,2,2,2,2,2,2,2,2,2,2,2,2,2,2.0,2,2,2,2,2,2.0,2,2,2,2,2.0,2,2,2,2,2,2,2,2,2.0,0.0,0,0,0,0,0.0,2,2,2,2,2,2.0,2,2,2.0,2,2,2.0,2,2,2,2,2,2,2,2
HEB_01_124,2,2.0,2,2,2,2,2,2,2,2,2.0,2.0,2.0,2,2.0,2,2,2,2,2,2,2.0,2.0,2.0,2.0,2.0,2,2,2,2.0,2,2,2,2,2,2,2,2,2,2,2,2,2,2,2,2.0,2,2,2,2,2,2.0,2,2,2,2,2.0,2,2,2,2,2,2,2,2,2.0,0.0,0,0,0,0,0.0,0,0,0,0,0,0.0,0,0,0.0,0,0,0.0,0,0,0,0,0,0,0,0
HEB_01_126,2,2.0,2,2,2,2,2,2,2,2,2.0,2.0,2.0,2,2.0,2,2,2,2,2,2,2.0,2.0,2.0,2.0,2.0,2,2,2,2.0,2,2,2,2,2,2,2,2,2,2,2,2,2,2,2,2.0,2,2,2,2,2,2.0,2,2,2,2,2.0,2,2,2,2,2,2,2,2,2.0,0.0,0,0,0,0,0.0,2,2,2,2,2,2.0,2,2,2.0,2,2,2.0,2,2,2,2,2,2,2,2
HEB_01_127,2,2.0,2,2,2,2,2,2,2,2,2.0,2.0,2.0,2,2.0,2,2,2,2,2,2,2.0,2.0,2.0,2.0,2.0,2,2,2,2.0,2,2,2,2,2,2,2,2,2,2,2,2,2,2,2,2.0,2,2,2,2,2,2.0,2,2,2,2,2.0,2,2,2,2,2,2,2,2,2.0,0.0,0,0,0,0,0.0,0,0,0,0,0,0.0,0,0,0.0,0,0,0.0,0,0,0,0,0,0,0,0
HEB_01_128,2,2.0,2,2,2,2,2,2,2,2,2.0,2.0,2.0,2,2.0,2,2,2,2,2,2,2.0,2.0,2.0,2.0,2.0,2,2,2,2.0,2,2,2,2,2,2,2,2,2,2,2,2,2,2,2,2.0,2,2,2,2,2,2.0,2,2,2,2,2.0,2,2,2,2,2,2,2,2,2.0,2.0,2,2,2,2,2.0,2,2,2,2,2,2.0,2,2,2.0,2,2,2.0,2,2,2,2,2,2,2,2
HEB_01_130,2,2.0,2,2,2,2,2,2,2,2,2.0,2.0,2.0,2,2.0,2,2,2,2,2,2,2.0,2.0,2.0,2.0,2.0,2,2,2,2.0,2,2,2,2,2,2,2,2,2,2,2,2,2,2,2,2.0,2,2,2,2,2,2.0,2,2,2,2,2.0,2,2,2,2,2,2,2,2,2.0,0.0,0,0,0,0,0.0,0,0,0,0,0,0.0,0,0,0.0,0,0,0.0,0,0,0,0,0,0,0,0
HEB_01_131,0,0.0,0,0,2,2,2,2,2,2,2.0,2.0,2.0,2,2.0,2,2,2,2,2,2,2.0,2.0,2.0,2.0,2.0,2,2,2,2.0,2,2,2,2,2,2,2,2,2,2,2,2,2,2,2,2.0,2,2,2,2,2,2.0,2,2,2,2,2.0,2,2,2,2,2,2,2,2,2.0,2.0,2,2,2,2,2.0,2,2,2,2,2,2.0,2,2,2.0,2,2,2.0,2,1,1,2,2,2,2,2
HEB_01_132,0,0.0,0,0,2,2,2,2,2,2,2.0,2.0,2.0,2,2.0,2,2,2,2,2,2,2.0,2.0,2.0,2.0,2.0,2,2,2,2.0,2,2,2,2,2,2,2,2,2,2,2,2,2,2,2,2.0,2,2,2,2,2,2.0,2,2,2,2,2.0,2,2,2,2,2,2,2,2,2.0,0.0,0,0,0,0,0.0,0,0,0,0,0,0.0,0,0,0.0,0,0,0.0,0,0,0,2,2,2,2,2
HEB_01_133,2,2.0,2,2,2,2,2,2,2,2,2.0,2.0,2.0,2,2.0,2,2,2,2,2,2,2.0,2.0,2.0,2.0,2.0,2,2,2,2.0,2,2,2,2,2,2,2,2,2,2,2,2,2,2,2,2.0,2,2,2,2,2,2.0,2,2,2,2,2.0,2,2,2,2,2,2,2,2,2.0,0.0,0,0,0,0,0.0,0,0,0,0,0,0.0,0,0,0.0,0,0,0.0,0,0,0,2,2,2,2,2
HEB_01_134,0,0.0,0,0,2,2,2,2,2,2,2.0,2.0,2.0,2,2.0,2,2,2,2,2,2,2.0,2.0,2.0,2.0,2.0,2,2,2,2.0,2,2,2,2,2,2,2,2,2,2,2,2,2,2,2,2.0,2,2,2,2,2,2.0,2,2,2,2,2.0,2,2,2,2,2,2,2,2,2.0,0.0,0,0,0,0,0.0,0,0,0,0,0,0.0,0,0,0.0,0,0,0.0,0,0,0,2,2,2,2,2
HEB_01_137,2,2.0,2,2,2,2,2,2,2,2,2.0,2.0,2.0,2,2.0,2,2,2,2,2,2,2.0,2.0,2.0,2.0,2.0,2,2,2,2.0,2,2,2,2,2,2,2,2,2,2,2,2,2,2,2,2.0,2,2,2,2,2,2.0,2,2,2,2,2.0,2,2,2,2,2,2,2,2,2.0,2.0,2,2,2,2,2.0,2,2,2,2,2,2.0,2,2,2.0,2,2,2.0,2,2,2,2,2,2,2,2
HEB_01_140,1,1.0,1,1,2,2,2,2,2,2,2.0,2.0,2.0,2,2.0,2,2,2,2,2,2,2.0,2.0,2.0,2.0,2.0,2,2,2,2.0,2,2,2,2,2,2,2,2,2,2,2,2,2,2,2,2.0,2,2,2,2,2,2.0,2,2,2,2,2.0,2,2,2,2,2,2,0,0,0.0,1.0,1,1,1,1,1.0,1,1,1,1,1,1.0,1,1,1.0,1,1,1.0,1,1,1,2,2,2,2,2
HEB_01_328,2,2.0,2,2,2,2,2,2,2,2,2.0,2.0,2.0,2,2.0,2,2,2,2,2,2,2.0,2.0,2.0,2.0,2.0,2,2,2,2.0,2,2,2,2,2,2,2,2,2,2,2,2,2,2,2,2.0,2,2,2,2,2,2.0,2,2,2,2,2.0,2,2,2,2,2,2,2,2,2.0,2.0,2,2,2,2,2.0,2,2,2,2,2,2.0,2,2,2.0,2,2,2.0,2,2,2,2,2,2,2,2
HEB_10_003,2,2.0,2,2,2,2,2,2,2,2,2.0,2.0,2.0,2,2.0,2,2,2,2,2,2,2.0,0.0,0.0,0.0,0.0,0,0,0,0.0,0,0,0,0,0,0,0,0,2,2,2,2,2,2,2,2.0,2,2,2,2,2,2.0,2,2,2,2,2.0,2,2,2,2,2,2,2,2,2.0,2.0,2,2,2,0,0.0,0,0,0,0,0,0.0,0,0,0.0,0,0,0.0,0,0,0,0,0,0,0,0
HEB_10_006,2,2.0,2,2,2,2,2,2,2,2,2.0,2.0,2.0,2,2.0,2,2,2,2,2,2,2.0,0.0,2.0,2.0,2.0,2,2,2,2.0,2,2,2,2,2,2,2,2,2,2,2,2,2,1,2,2.0,2,2,2,2,2,2.0,2,2,2,2,2.0,2,2,2,2,2,2,2,2,2.0,1.0,2,2,2,2,2.0,0,0,0,0,0,0.0,0,0,0.0,0,0,0.0,0,0,0,0,0,0,0,0
HEB_10_007,2,2.0,2,2,2,2,2,2,2,2,2.0,2.0,2.0,2,2.0,2,2,2,2,2,2,2.0,0.0,0.0,0.0,0.0,0,0,0,0.0,0,0,1,0,1,1,1,1,2,2,2,2,2,1,2,2.0,2,2,2,2,2,2.0,2,2,2,2,2.0,2,2,2,2,2,2,2,2,2.0,2.0,2,2,2,2,2.0,2,2,2,2,2,2.0,2,2,2.0,2,2,2.0,2,2,2,2,2,2,2,2
HEB_10_008,2,2.0,2,2,2,2,2,2,2,2,2.0,2.0,2.0,2,2.0,2,2,2,2,2,2,2.0,0.0,0.0,0.0,0.0,0,0,0,0.0,0,0,0,0,0,0,0,0,2,2,2,2,2,1,2,2.0,2,2,2,2,2,2.0,2,2,2,2,2.0,2,2,2,2,2,2,2,2,2.0,2.0,2,2,2,0,0.0,0,0,0,0,0,0.0,0,0,0.0,0,0,0.0,0,0,0,0,0,0,0,0
HEB_10_010,2,2.0,2,2,2,2,2,2,2,2,2.0,2.0,2.0,2,2.0,2,2,2,2,2,2,2.0,0.0,0.0,0.0,0.0,0,0,0,0.0,0,0,0,0,0,0,0,0,2,2,2,2,2,2,2,2.0,2,2,2,2,2,2.0,2,2,2,2,2.0,2,2,2,2,2,2,2,2,2.0,2.0,2,2,2,2,2.0,2,2,2,2,2,2.0,2,2,2.0,2,2,2.0,2,2,2,2,2,2,2,2
HEB_10_014,0,2.0,2,2,2,2,2,2,2,2,2.0,2.0,2.0,2,2.0,2,2,2,2,2,2,2.0,2.0,2.0,2.0,2.0,2,2,2,2.0,2,2,2,2,2,2,2,2,2,2,2,2,2,1,2,2.0,2,2,2,2,2,2.0,2,2,2,2,2.0,2,2,2,2,2,2,2,2,2.0,2.0,2,2,2,2,2.0,2,2,2,2,2,2.0,2,2,2.0,2,2,2.0,2,2,2,2,2,2,2,2
HEB_10_018,2,2.0,2,2,2,2,2,2,2,2,2.0,2.0,2.0,2,2.0,2,2,2,2,2,2,2.0,2.0,2.0,2.0,2.0,2,2,2,2.0,2,2,2,2,2,2,2,2,2,2,2,2,2,1,2,2.0,2,2,2,2,2,2.0,2,2,2,2,2.0,2,2,2,2,2,2,2,2,2.0,2.0,2,2,2,2,2.0,2,2,2,2,2,2.0,2,2,2.0,2,2,2.0,2,2,2,2,2,2,2,2
HEB_10_020,2,2.0,2,2,2,2,2,2,2,2,2.0,2.0,2.0,2,2.0,2,2,2,2,2,2,2.0,2.0,2.0,2.0,2.0,2,2,2,2.0,2,2,2,2,2,2,2,2,2,2,2,2,2,1,2,2.0,2,2,2,2,2,2.0,2,2,2,2,2.0,2,2,2,2,2,2,2,2,2.0,2.0,2,2,2,2,2.0,2,2,2,2,2,2.0,2,2,2.0,2,2,2.0,2,2,2,2,2,2,2,2
HEB_10_022,0,2.0,2,2,2,2,2,2,2,2,2.0,2.0,2.0,2,2.0,2,2,2,2,2,2,2.0,2.0,2.0,2.0,2.0,2,2,2,2.0,2,2,2,2,2,2,2,2,2,2,2,2,2,2,2,2.0,2,2,2,2,2,2.0,2,2,2,2,2.0,2,2,2,2,2,2,2,2,2.0,2.0,2,2,2,2,2.0,2,2,2,2,2,2.0,2,2,2.0,2,2,2.0,2,2,2,2,2,2,2,2
HEB_10_025,0,2.0,2,2,2,2,2,2,2,2,2.0,2.0,2.0,2,2.0,2,2,2,2,2,2,2.0,2.0,2.0,2.0,2.0,2,2,2,2.0,2,2,2,2,2,2,2,2,2,2,2,2,2,1,2,2.0,2,2,2,2,2,2.0,2,2,2,2,2.0,2,2,2,2,2,2,2,2,2.0,2.0,2,2,2,2,2.0,2,2,2,2,2,2.0,2,2,2.0,2,2,2.0,2,2,2,2,2,2,2,2
HEB_10_040,0,0.0,0,0,0,0,0,1,1,1,1.0,1.0,1.0,1,1.0,1,2,2,2,2,2,2.0,2.0,2.0,2.0,2.0,2,2,2,2.0,2,2,2,2,2,2,2,2,2,2,2,2,2,2,2,2.0,2,2,2,2,2,2.0,2,2,2,2,2.0,2,2,2,2,2,2,0,0,0.0,0.0,0,0,0,0,0.0,0,1,2,2,2,2.0,2,2,2.0,2,2,2.0,2,2,2,2,2,2,2,2
HEB_10_043,2,2.0,2,2,2,2,2,2,2,2,2.0,2.0,2.0,2,2.0,2,2,2,2,2,2,2.0,2.0,2.0,2.0,2.0,2,2,2,2.0,2,2,2,2,2,2,2,2,2,2,2,2,2,2,2,2.0,2,2,2,2,2,2.0,2,2,2,2,2.0,2,2,2,2,2,2,1,1,1.0,1.0,1,1,0,0,0.0,0,0,0,0,0,0.0,0,0,0.0,0,0,0.0,0,0,0,0,0,0,0,0
HEB_10_045,1,2.0,2,2,2,2,2,2,2,2,2.0,2.0,2.0,2,2.0,2,2,2,2,2,2,2.0,2.0,2.0,2.0,2.0,2,2,2,2.0,2,2,2,2,2,2,2,2,2,2,2,2,2,2,2,2.0,2,2,2,2,2,2.0,2,2,2,2,2.0,2,2,2,2,2,2,1,1,1.0,2.0,2,2,2,2,2.0,0,0,0,0,0,0.0,0,0,0.0,0,0,0.0,0,2,2,2,2,2,2,2
HEB_10_046,1,1.0,1,1,1,1,0,0,0,0,0.0,0.0,0.0,0,0.0,0,0,0,0,0,2,2.0,2.0,2.0,2.0,2.0,2,2,2,2.0,2,2,2,2,2,2,2,2,2,2,2,2,2,2,2,2.0,2,2,2,2,2,2.0,2,2,2,2,2.0,2,2,2,2,2,2,2,2,2.0,1.0,1,1,0,0,0.0,2,2,2,2,2,2.0,2,2,2.0,2,2,2.0,2,2,2,2,2,2,2,2
HEB_10_048,2,2.0,2,2,2,2,2,2,2,2,2.0,2.0,2.0,2,2.0,2,2,2,1,1,2,2.0,2.0,2.0,2.0,2.0,2,2,2,2.0,2,2,2,2,2,2,2,2,2,2,2,2,2,2,2,2.0,2,2,2,2,2,2.0,2,2,2,2,2.0,2,2,2,2,2,2,0,0,0.0,2.0,2,2,2,2,2.0,2,2,2,2,2,2.0,2,2,2.0,2,2,2.0,2,2,2,2,2,2,2,2
HEB_10_049,2,2.0,2,2,2,2,2,2,2,2,2.0,2.0,2.0,2,2.0,2,2,2,2,0,2,2.0,2.0,2.0,2.0,2.0,2,2,2,2.0,2,2,2,2,2,2,2,2,2,2,2,2,2,2,2,2.0,2,2,2,2,2,2.0,2,2,2,2,2.0,2,2,2,2,2,2,1,1,1.0,0.0,0,0,0,0,0.0,0,0,0,0,0,0.0,0,0,0.0,0,0,0.0,0,0,0,0,0,0,0,0
HEB_10_050,0,0.0,0,0,0,0,0,0,0,0,0.0,0.0,0.0,0,0.0,0,0,0,0,0,2,2.0,2.0,2.0,2.0,2.0,2,2,2,2.0,2,2,2,2,2,2,2,2,2,2,2,2,2,2,2,2.0,2,2,2,2,2,2.0,2,2,2,2,2.0,2,2,2,2,2,2,2,2,2.0,2.0,2,2,2,2,2.0,2,2,2,2,2,0.0,2,2,0.0,0,0,0.0,0,0,0,0,0,0,0,0
HEB_10_051,1,2.0,2,2,2,2,2,2,2,2,2.0,2.0,2.0,2,2.0,2,2,2,2,2,2,2.0,2.0,2.0,2.0,2.0,2,2,2,2.0,2,2,2,2,2,2,2,2,2,2,2,2,2,2,2,2.0,2,2,2,2,2,2.0,2,2,2,2,2.0,2,2,2,2,2,2,1,1,1.0,0.0,0,0,0,0,0.0,2,2,2,2,2,2.0,2,2,2.0,2,2,2.0,2,2,2,2,2,2,2,2
HEB_10_054,0,0.0,0,0,0,0,1,1,1,1,2.0,2.0,2.0,2,2.0,2,2,2,2,2,2,2.0,2.0,2.0,2.0,2.0,2,2,2,2.0,2,2,2,2,2,2,2,2,2,2,2,2,2,2,2,2.0,2,2,2,2,2,2.0,2,2,2,2,2.0,2,2,2,2,2,2,2,2,2.0,2.0,2,2,2,2,2.0,2,2,2,2,2,2.0,2,2,2.0,2,2,2.0,2,2,2,2,2,2,2,2
HEB_10_055,0,0.0,0,0,0,0,0,0,0,0,0.0,0.0,0.0,0,0.0,0,2,2,2,2,2,2.0,2.0,2.0,2.0,2.0,2,2,2,2.0,2,2,2,2,2,2,2,2,2,2,2,2,2,2,2,2.0,2,2,2,2,2,2.0,2,2,2,2,2.0,2,2,2,2,2,2,0,0,0.0,0.0,0,0,0,0,0.0,0,0,0,0,0,0.0,0,0,0.0,0,0,0.0,0,0,0,0,0,0,0,0
HEB_10_057,2,2.0,2,2,2,2,2,2,2,2,2.0,2.0,2.0,2,2.0,2,2,2,2,2,2,2.0,2.0,2.0,2.0,2.0,2,2,2,2.0,2,2,2,2,2,2,2,2,2,2,2,2,2,2,2,2.0,2,2,2,2,2,2.0,2,2,2,2,2.0,2,2,2,2,2,2,1,1,1.0,0.0,0,0,0,0,0.0,0,0,0,0,0,0.0,0,0,0.0,0,0,0.0,0,0,0,0,0,0,0,2
HEB_10_059,0,0.0,2,2,2,2,2,2,2,2,2.0,2.0,2.0,2,2.0,2,2,2,2,2,2,2.0,2.0,2.0,2.0,2.0,2,2,2,2.0,2,2,2,2,2,2,2,2,2,2,2,2,2,2,2,2.0,2,2,2,2,2,2.0,2,2,2,2,2.0,2,2,2,2,2,2,0,0,0.0,0.0,0,0,0,0,0.0,0,0,0,0,0,0.0,0,0,0.0,0,0,0.0,0,0,0,0,0,0,0,0
HEB_10_070,0,0.0,0,0,0,0,0,2,2,2,2.0,2.0,2.0,2,2.0,2,2,2,2,1,1,1.0,2.0,1.0,1.0,1.0,1,1,1,1.0,1,1,1,1,1,1,1,1,1,1,1,1,1,1,1,2.0,2,0,0,0,0,0.0,0,0,0,0,0.0,0,0,0,0,0,0,0,0,0.0,0.0,0,0,0,0,0.0,2,2,0,0,0,0.0,0,0,0.0,0,0,0.0,0,0,0,0,0,0,0,1
HEB_10_072,2,2.0,2,2,2,2,2,2,2,2,2.0,2.0,2.0,2,2.0,2,2,2,0,0,0,0.0,0.0,0.0,0.0,0.0,0,0,0,0.0,0,0,0,0,0,0,0,0,0,0,0,0,0,0,0,1.0,1,1,1,1,1,1.0,1,1,1,1,1.0,1,1,1,1,1,1,0,0,0.0,0.0,0,0,0,0,0.0,0,0,0,0,0,0.0,0,0,0.0,0,0,0.0,0,0,0,0,0,0,0,0
HEB_10_074,2,2.0,2,2,2,2,2,0,0,0,0.0,0.0,0.0,0,0.0,0,0,0,0,0,0,0.0,0.0,0.0,0.0,0.0,0,0,0,0.0,0,0,0,0,0,0,0,0,0,0,0,0,0,0,0,0.0,0,0,0,0,0,0.0,0,0,0,0,0.0,0,1,1,1,1,1,1,1,1.0,1.0,1,1,1,1,2.0,1,1,1,1,1,1.0,1,1,1.0,1,1,1.0,1,1,1,1,1,1,1,1
HEB_10_077,2,2.0,2,2,2,2,2,2,2,2,2.0,2.0,2.0,2,2.0,2,2,2,2,2,2,2.0,2.0,1.0,1.0,1.0,1,1,1,1.0,1,1,2,1,2,2,2,2,2,2,2,0,2,0,0,0.0,0,0,0,0,0,0.0,0,0,0,0,0.0,0,0,0,0,0,0,0,0,0.0,1.0,1,1,1,1,0.0,1,1,0,0,0,0.0,0,0,0.0,0,0,0.0,0,0,0,1,1,1,1,1
HEB_10_086,2,2.0,2,2,2,2,2,2,2,2,2.0,2.0,2.0,2,2.0,2,2,2,2,2,2,2.0,2.0,2.0,2.0,2.0,2,2,2,2.0,2,2,2,2,2,2,2,2,2,2,2,2,2,2,2,2.0,2,2,2,2,2,2.0,2,2,2,2,2.0,2,2,2,2,2,2,2,2,2.0,2.0,2,2,2,2,2.0,2,2,2,2,2,2.0,2,2,2.0,2,2,2.0,2,2,2,2,2,2,2,2
HEB_10_093,2,2.0,2,2,2,2,2,2,2,2,2.0,2.0,2.0,2,2.0,2,2,2,2,2,2,2.0,2.0,2.0,2.0,2.0,2,2,2,2.0,2,2,2,2,2,2,2,2,2,2,2,2,2,2,2,2.0,2,2,2,2,2,2.0,2,2,2,2,2.0,2,2,2,2,2,2,2,2,2.0,2.0,2,2,2,2,2.0,2,2,2,2,2,2.0,2,2,2.0,2,2,2.0,2,2,2,2,2,2,2,2
HEB_10_097,2,2.0,2,2,2,2,2,2,2,2,2.0,2.0,2.0,2,2.0,2,2,2,2,2,2,2.0,2.0,2.0,2.0,2.0,2,2,2,2.0,2,2,2,2,2,2,2,2,2,2,2,2,2,2,2,2.0,2,2,2,2,2,2.0,2,2,2,2,2.0,2,2,2,2,2,2,2,2,2.0,2.0,2,2,2,2,2.0,2,2,2,2,2,2.0,2,2,2.0,2,2,2.0,2,2,2,2,2,2,2,2
HEB_10_100,2,2.0,2,2,2,2,2,2,2,2,2.0,2.0,2.0,2,2.0,2,2,2,2,2,2,2.0,2.0,2.0,2.0,2.0,2,2,2,2.0,2,2,2,2,2,2,2,2,2,2,2,2,2,1,2,2.0,2,2,2,2,2,2.0,2,2,2,2,2.0,2,2,2,2,2,2,2,2,2.0,2.0,2,2,2,2,2.0,2,2,2,2,2,2.0,2,2,2.0,2,2,2.0,2,2,2,2,2,2,2,2
HEB_10_104,2,2.0,2,2,2,2,2,2,2,2,2.0,2.0,2.0,2,2.0,2,2,2,2,2,2,2.0,2.0,2.0,2.0,2.0,2,2,2,2.0,2,2,2,2,2,2,2,2,2,2,2,2,2,2,2,2.0,2,2,2,2,2,2.0,2,2,2,2,2.0,2,2,2,2,2,2,2,2,2.0,0.0,0,0,0,0,0.0,0,0,0,0,0,2.0,0,2,2.0,2,2,2.0,2,2,2,2,2,2,2,2
HEB_10_106,2,2.0,2,2,2,2,2,2,2,2,2.0,2.0,2.0,2,2.0,2,2,2,2,2,2,2.0,2.0,2.0,2.0,2.0,2,2,2,2.0,2,2,2,2,2,2,2,2,2,2,2,2,2,2,2,2.0,2,2,2,2,2,2.0,2,2,2,2,2.0,2,2,2,2,2,2,2,2,2.0,0.0,0,0,0,0,0.0,0,0,1,1,1,1.0,1,1,1.0,1,1,1.0,1,1,1,1,1,1,1,1
HEB_10_107,2,2.0,2,2,2,2,2,2,2,2,2.0,2.0,2.0,2,2.0,2,2,2,2,2,2,2.0,2.0,2.0,2.0,2.0,2,2,2,2.0,2,2,2,2,2,2,2,2,2,2,2,2,2,2,2,2.0,2,2,2,2,2,2.0,2,2,2,2,2.0,2,2,2,2,2,2,2,2,2.0,0.0,0,0,0,0,0.0,0,0,0,0,0,0.0,0,0,0.0,0,0,0.0,0,0,0,0,0,0,0,0
HEB_10_114,0,0.0,0,0,0,0,0,2,2,2,2.0,2.0,2.0,2,2.0,2,2,2,2,2,2,2.0,2.0,2.0,2.0,2.0,2,2,2,2.0,2,2,2,2,2,2,2,2,2,2,2,2,2,1,2,2.0,2,2,2,2,2,2.0,2,2,2,2,2.0,2,1,1,1,1,1,2,2,2.0,2.0,2,2,2,2,2.0,2,2,2,2,2,2.0,2,2,2.0,2,2,2.0,2,2,2,2,2,2,2,2
HEB_10_115,0,0.0,0,0,0,0,0,0,0,0,0.0,0.0,0.0,0,0.0,0,0,2,2,2,2,2.0,2.0,2.0,2.0,2.0,2,2,2,2.0,2,2,2,2,2,2,2,2,2,2,2,2,2,2,2,2.0,2,2,2,2,2,2.0,2,2,2,2,2.0,2,1,1,1,1,1,1,1,1.0,0.0,0,0,0,0,0.0,0,0,2,2,2,2.0,2,2,2.0,2,2,2.0,2,2,2,2,2,2,2,2
HEB_10_117,2,2.0,2,2,2,2,2,2,2,2,2.0,2.0,2.0,2,2.0,2,2,2,2,2,2,2.0,2.0,2.0,2.0,2.0,2,2,2,2.0,2,2,2,2,2,2,2,2,2,2,2,2,2,2,2,2.0,2,2,2,2,2,2.0,2,2,2,2,2.0,2,2,2,2,2,2,2,2,2.0,2.0,2,2,2,2,2.0,2,2,2,2,2,2.0,2,2,2.0,2,2,2.0,2,2,2,2,2,2,2,2
HEB_10_120,2,2.0,2,2,2,2,2,2,2,2,1.0,1.0,2.0,1,1.0,1,1,2,2,2,2,2.0,2.0,2.0,2.0,2.0,2,2,2,2.0,2,2,2,2,2,2,2,2,2,2,2,2,2,1,2,2.0,2,2,2,2,2,2.0,2,2,2,2,2.0,2,2,2,2,2,2,2,2,2.0,2.0,2,2,2,2,2.0,0,0,2,2,2,2.0,2,2,2.0,2,2,2.0,2,2,2,2,2,2,2,2
HEB_10_124,0,0.0,0,0,2,2,2,2,2,2,2.0,2.0,2.0,2,2.0,2,1,1,0,0,2,2.0,2.0,2.0,2.0,2.0,2,2,2,2.0,2,2,2,2,2,2,2,2,2,2,2,2,2,2,2,2.0,2,2,2,2,2,2.0,2,2,2,2,2.0,2,2,2,2,2,2,2,2,2.0,2.0,2,2,2,2,2.0,2,2,2,2,2,2.0,2,2,2.0,2,2,2.0,2,2,2,2,0,0,0,0
HEB_10_131,0,0.0,0,0,0,0,2,2,2,2,2.0,2.0,2.0,2,2.0,2,2,2,2,2,2,2.0,2.0,2.0,2.0,2.0,2,2,2,2.0,2,2,2,2,2,2,2,2,2,2,2,2,2,2,2,2.0,2,2,2,2,2,2.0,2,2,2,2,2.0,2,2,2,2,2,2,2,2,2.0,2.0,2,2,2,2,2.0,2,2,2,2,2,2.0,2,2,2.0,2,2,2.0,2,2,2,2,1,1,1,1
HEB_10_132,2,2.0,2,2,2,2,2,2,2,2,2.0,2.0,2.0,2,2.0,2,2,2,2,2,2,2.0,2.0,2.0,2.0,2.0,2,2,2,2.0,2,2,2,2,2,2,2,2,2,2,2,2,2,2,2,2.0,2,2,2,2,2,2.0,2,2,2,2,2.0,2,2,2,2,2,2,2,2,2.0,2.0,2,2,2,2,2.0,2,2,2,2,2,2.0,2,2,2.0,2,2,2.0,2,2,2,2,0,0,0,0
HEB_10_133,2,2.0,2,2,2,2,2,2,2,2,2.0,2.0,2.0,2,2.0,2,0,0,0,0,2,2.0,2.0,2.0,2.0,2.0,2,2,2,2.0,2,2,2,2,2,2,2,2,2,2,2,2,2,2,2,2.0,2,2,2,2,2,2.0,2,2,2,2,2.0,2,2,2,2,2,2,2,2,2.0,2.0,2,2,2,2,2.0,2,2,2,2,2,2.0,2,2,2.0,2,2,2.0,2,2,2,2,0,0,0,0
HEB_10_135,1,1.0,1,1,1,1,1,1,1,1,1.0,1.0,2.0,1,1.0,1,1,1,1,1,2,2.0,2.0,2.0,2.0,2.0,2,2,2,2.0,2,2,2,2,2,2,2,2,2,2,2,2,2,2,2,2.0,2,2,2,2,2,2.0,2,2,2,2,2.0,2,2,2,2,2,2,2,2,2.0,2.0,2,2,2,2,2.0,2,2,2,2,2,2.0,2,2,2.0,2,2,2.0,2,2,2,2,2,2,2,2
HEB_10_137,2,2.0,2,2,2,2,2,2,2,2,2.0,2.0,2.0,2,2.0,2,2,2,2,2,2,2.0,2.0,2.0,2.0,2.0,2,2,2,2.0,2,2,2,2,2,2,2,2,2,2,2,2,2,2,2,2.0,2,2,2,2,2,2.0,2,2,2,2,2.0,2,2,2,2,2,2,2,2,2.0,2.0,2,2,2,2,2.0,2,2,2,2,2,2.0,2,2,2.0,2,2,2.0,2,2,2,2,0,0,0,0
HEB_10_138,2,2.0,2,2,2,2,2,2,2,2,2.0,2.0,2.0,2,2.0,2,2,2,2,2,2,2.0,2.0,2.0,2.0,2.0,2,2,2,2.0,2,2,2,2,2,2,2,2,2,2,2,2,2,2,2,2.0,2,2,2,2,2,2.0,2,2,2,2,2.0,2,2,2,2,2,2,2,2,2.0,2.0,2,2,2,2,2.0,2,2,2,2,2,2.0,2,2,2.0,2,2,2.0,2,2,2,2,2,2,2,2
HEB_10_139,2,2.0,2,2,2,2,0,0,0,0,0.0,0.0,0.0,0,0.0,0,0,0,0,0,2,2.0,2.0,2.0,2.0,2.0,2,2,2,2.0,2,2,2,2,2,2,2,2,2,2,2,2,2,2,2,2.0,2,2,2,2,2,2.0,2,2,2,2,2.0,2,2,2,2,2,2,2,2,2.0,2.0,2,2,2,2,2.0,2,2,2,2,2,2.0,2,2,2.0,2,2,2.0,2,2,2,2,1,1,1,1
HEB_10_140,2,2.0,2,2,2,2,2,2,2,2,2.0,2.0,2.0,2,2.0,2,2,2,2,1,2,2.0,2.0,2.0,2.0,2.0,2,2,2,2.0,2,2,2,2,2,2,2,2,2,2,2,2,2,2,2,2.0,2,2,2,2,2,2.0,2,2,2,2,2.0,2,2,2,2,2,2,2,2,2.0,2.0,2,2,2,2,2.0,2,2,2,2,2,2.0,2,2,2.0,2,2,2.0,2,2,2,2,0,0,0,0
HEB_10_141,2,2.0,2,2,2,2,2,2,2,2,2.0,2.0,2.0,2,2.0,2,2,2,2,2,2,2.0,2.0,2.0,0.0,2.0,2,2,2,2.0,2,2,2,2,0,0,2,0,0,0,0,0,0,0,0,0.0,0,0,0,0,0,0.0,0,0,0,0,0.0,0,1,1,1,1,1,2,2,2.0,2.0,2,2,2,2,2.0,2,2,2,2,2,2.0,2,2,2.0,2,2,2.0,2,2,2,2,2,2,2,2
HEB_10_142,0,0.0,0,0,0,0,0,0,0,0,0.0,0.0,0.0,0,0.0,0,0,0,0,0,0,0.0,0.0,0.0,0.0,2.0,2,2,2,2.0,2,2,2,2,0,0,2,0,0,0,0,0,0,0,0,0.0,0,0,0,0,0,0.0,0,0,0,0,0.0,0,2,2,2,2,2,2,2,2.0,2.0,2,2,2,2,2.0,2,2,2,2,2,2.0,2,2,2.0,2,2,2.0,2,2,2,2,2,2,2,2
HEB_10_150,2,2.0,2,2,2,2,2,2,2,2,2.0,2.0,2.0,2,2.0,2,1,1,1,1,1,1.0,2.0,1.0,1.0,2.0,2,2,2,2.0,2,2,2,2,0,0,2,0,0,0,0,0,0,0,0,0.0,0,0,0,0,0,0.0,0,0,0,0,0.0,0,2,2,2,2,2,0,0,0.0,0.0,0,0,0,0,0.0,0,2,2,2,2,2.0,2,2,2.0,2,2,2.0,2,2,2,2,2,2,2,2
HEB_10_155,2,2.0,2,2,2,2,2,2,2,2,2.0,2.0,2.0,2,2.0,2,2,2,2,2,2,2.0,2.0,2.0,2.0,1.0,1,0,0,0.0,0,0,0,0,2,2,2,2,2,2,2,2,2,1,2,2.0,2,2,2,2,2,2.0,2,2,2,2,2.0,2,2,2,2,2,2,2,2,2.0,2.0,2,2,2,2,2.0,2,2,2,2,2,2.0,2,2,2.0,2,2,2.0,2,2,2,2,2,2,2,2
HEB_10_171,0,0.0,0,0,0,0,0,0,0,0,0.0,0.0,0.0,0,0.0,0,0,0,0,0,2,2.0,2.0,2.0,2.0,2.0,2,2,2,2.0,2,2,2,2,2,2,2,2,2,2,2,2,2,2,2,0.0,0,0,0,0,0,0.0,0,0,0,0,0.0,0,0,0,0,0,0,0,0,0.0,0.0,0,0,0,0,0.0,0,0,0,0,0,0.0,0,0,0.0,0,0,0.0,2,2,2,2,2,2,2,2
HEB_10_172,0,1.0,0,0,0,0,0,2,2,2,2.0,2.0,2.0,2,2.0,2,2,2,2,2,2,2.0,2.0,2.0,2.0,2.0,2,2,2,2.0,2,2,2,2,2,2,2,2,2,2,2,2,2,2,2,2.0,2,2,2,2,2,2.0,2,2,2,2,2.0,2,0,0,0,0,0,0,0,0.0,0.0,0,0,0,0,0.0,0,0,0,0,0,0.0,0,0,0.0,0,0,0.0,2,2,2,2,2,2,2,2
HEB_10_173,1,0.0,1,1,1,1,1,0,0,0,0.0,0.0,0.0,0,0.0,0,0,0,0,0,2,2.0,2.0,2.0,2.0,2.0,2,2,2,2.0,2,2,2,2,2,2,2,2,2,2,2,2,2,2,2,0.0,0,0,0,0,0,0.0,0,0,0,0,0.0,0,0,0,0,0,0,0,0,0.0,0.0,0,0,0,0,0.0,0,0,0,0,0,0.0,0,0,0.0,0,0,0.0,2,2,2,2,2,2,2,2
HEB_10_174,0,0.0,0,0,0,0,0,0,0,0,0.0,0.0,0.0,0,0.0,0,0,0,0,0,2,2.0,2.0,2.0,2.0,2.0,2,2,2,2.0,2,2,2,2,2,2,2,2,2,2,2,2,2,2,2,0.0,0,0,0,0,0,0.0,0,0,0,0,0.0,0,0,0,0,0,0,0,0,1.0,2.0,2,2,2,2,2.0,2,2,2,2,2,2.0,2,2,2.0,2,2,2.0,2,2,2,2,2,2,2,2
HEB_10_175,0,0.0,0,0,0,0,0,0,0,0,0.0,0.0,0.0,0,0.0,0,0,0,0,0,2,2.0,2.0,2.0,2.0,2.0,2,2,2,2.0,2,2,2,2,2,2,2,2,2,2,2,2,2,2,2,2.0,2,2,2,2,2,2.0,2,2,2,2,2.0,2,2,2,2,2,2,1,1,1.0,1.0,1,1,1,1,2.0,2,2,2,2,2,2.0,2,2,2.0,2,2,2.0,2,2,2,2,2,2,2,2
HEB_10_176,2,2.0,2,2,2,2,2,2,2,2,2.0,2.0,2.0,2,2.0,2,2,2,2,2,2,2.0,2.0,2.0,2.0,2.0,2,2,2,2.0,2,2,2,2,2,2,2,2,2,2,2,2,2,2,2,1.0,1,1,1,1,2,2.0,2,2,2,2,2.0,2,2,2,2,2,2,2,2,2.0,2.0,2,2,2,2,2.0,0,0,0,0,0,0.0,0,0,0.0,0,0,0.0,2,2,2,2,2,2,2,2
HEB_10_182,0,0.0,0,0,0,0,0,0,0,0,0.0,0.0,0.0,0,0.0,0,1,1,1,2,2,2.0,2.0,2.0,2.0,2.0,2,2,2,2.0,2,2,2,2,2,2,2,2,2,2,2,2,2,2,2,2.0,2,2,2,2,2,2.0,2,2,2,2,2.0,2,2,2,2,2,2,2,2,2.0,1.0,1,1,1,1,2.0,1,1,1,1,1,1.0,1,1,1.0,1,1,1.0,2,2,2,2,2,2,2,2
HEB_10_184,0,0.0,0,0,0,0,0,0,0,0,0.0,0.0,0.0,0,0.0,0,0,0,0,0,2,2.0,2.0,2.0,2.0,2.0,2,2,2,2.0,2,2,2,2,2,2,2,2,2,2,2,2,2,2,2,2.0,2,2,2,2,2,2.0,2,2,2,2,2.0,2,2,2,2,2,2,0,0,0.0,0.0,0,0,0,0,0.0,0,0,0,0,0,0.0,0,0,0.0,0,0,0.0,2,2,2,2,2,2,2,2
HEB_10_187,2,0.0,0,0,0,0,0,0,0,0,0.0,0.0,0.0,0,0.0,0,0,0,0,0,2,2.0,2.0,2.0,2.0,2.0,2,2,2,2.0,2,2,2,2,2,2,2,2,2,2,2,2,2,2,2,2.0,2,2,2,2,2,2.0,2,2,2,2,2.0,2,2,2,2,2,2,2,2,2.0,2.0,2,2,2,2,2.0,2,2,2,2,2,2.0,2,2,2.0,2,2,2.0,2,2,2,2,2,2,2,2
HEB_10_190,0,0.0,0,0,0,0,0,0,0,0,0.0,0.0,0.0,0,0.0,0,0,0,0,0,2,2.0,2.0,2.0,2.0,2.0,2,2,2,2.0,2,2,2,2,2,2,2,2,2,2,2,2,2,2,2,2.0,1,1,1,1,1,2.0,1,1,1,1,1.0,1,1,1,1,1,1,0,0,0.0,2.0,2,2,2,2,2.0,2,2,2,2,2,2.0,2,2,2.0,2,2,2.0,2,2,2,2,2,2,2,2
